"YouthBks","CookBks"
"ChildBks","YouthBks","CookBks","RefBks","GeogBks","ItalCook"
"GeogBks"
"ChildBks"
"CookBks"
"CookBks"
"ArtBks","Florence"
"Florence"
"ChildBks"
"ChildBks","CookBks","RefBks","ArtBks","GeogBks","ItalCook","ItalAtlas","ItalArt"
"ChildBks","YouthBks","CookBks","ArtBks","ItalCook"
"CookBks"
"CookBks","DoItYBks","RefBks","ArtBks"
"ChildBks","CookBks","ArtBks","GeogBks","Florence"
"YouthBks","CookBks","DoItYBks","ArtBks"
"ChildBks","GeogBks"
"ArtBks"
"RefBks"
"ChildBks","CookBks","ItalCook"
"ChildBks","CookBks","ItalCook"
"ArtBks"
"ChildBks","YouthBks","CookBks","DoItYBks","ArtBks","ItalCook","ItalArt"
"ChildBks","YouthBks","CookBks","DoItYBks","GeogBks"
"CookBks","RefBks","ArtBks"
"ChildBks","YouthBks","CookBks","DoItYBks","ArtBks","ItalCook","ItalArt"
"ChildBks","CookBks","DoItYBks","ArtBks","GeogBks","ItalCook"
"ChildBks","YouthBks","CookBks","DoItYBks","RefBks","ArtBks","GeogBks","ItalCook","ItalAtlas","ItalArt"
"ChildBks","YouthBks","CookBks","ArtBks","GeogBks","ItalCook","ItalArt"
"YouthBks","CookBks","ItalCook"
"CookBks","ArtBks"
"ChildBks","YouthBks","CookBks","RefBks","GeogBks"
"ArtBks","GeogBks"
"CookBks","DoItYBks","ArtBks"
"ChildBks","CookBks","DoItYBks","RefBks","ArtBks","GeogBks"
"ChildBks","YouthBks","CookBks","DoItYBks","RefBks","ArtBks"
"ChildBks","CookBks","RefBks","ArtBks"
"ChildBks","ArtBks"
"YouthBks","CookBks","DoItYBks","ArtBks","GeogBks"
"YouthBks","GeogBks"
"ChildBks","YouthBks","DoItYBks","ArtBks"
"YouthBks","CookBks","DoItYBks","ArtBks","GeogBks"
"ChildBks","YouthBks","CookBks","DoItYBks","ArtBks","GeogBks"
"ChildBks","CookBks","DoItYBks","RefBks","ArtBks","ItalCook","ItalAtlas","ItalArt","Florence"
"ArtBks"
"ChildBks","CookBks"
"YouthBks","DoItYBks","ArtBks","GeogBks","Florence"
"ChildBks","Florence"
"YouthBks","RefBks","GeogBks"
"CookBks","ItalCook"
"CookBks"
"ChildBks","YouthBks","CookBks","DoItYBks","GeogBks","ItalCook"
"ChildBks","DoItYBks"
"GeogBks"
"YouthBks","RefBks"
"ChildBks","YouthBks","DoItYBks","ArtBks","GeogBks","ItalArt"
"ChildBks"
"Florence"
"ChildBks","YouthBks","DoItYBks","RefBks"
"ChildBks","ArtBks"
"CookBks"
"CookBks"
"DoItYBks"
"RefBks"
"CookBks","RefBks"
"CookBks","ArtBks"
"ChildBks"
"RefBks"
"CookBks"
"ChildBks","YouthBks","CookBks","ArtBks","GeogBks","ItalCook","ItalArt"
"ChildBks"
"ChildBks","CookBks","DoItYBks","RefBks","ArtBks","GeogBks","Florence"
"ArtBks"
"DoItYBks","ArtBks","ItalArt"
"RefBks","ArtBks","GeogBks","Florence"
"ChildBks"
"CookBks","RefBks"
"ChildBks","YouthBks","CookBks","DoItYBks","RefBks","GeogBks","ItalCook","ItalAtlas"
"YouthBks","CookBks","ArtBks","GeogBks","Florence"
"ChildBks"
"CookBks"
"ChildBks","YouthBks","CookBks","DoItYBks","RefBks","GeogBks"
"ChildBks","YouthBks","CookBks","DoItYBks","ArtBks","GeogBks","ItalCook","ItalArt"
"ChildBks","YouthBks","CookBks","ItalCook"
"ChildBks","YouthBks","DoItYBks","GeogBks"
"CookBks"
"CookBks"
"DoItYBks","ArtBks","ItalArt"
"ChildBks","CookBks","ArtBks"
"YouthBks"
"RefBks"
"ChildBks","YouthBks","ArtBks","GeogBks"
"ChildBks","YouthBks","CookBks","DoItYBks","GeogBks"
"ChildBks","ArtBks"
"CookBks","GeogBks"
"ChildBks","YouthBks"
"CookBks","RefBks","ItalAtlas"
"RefBks"
"ChildBks"
"ChildBks","YouthBks","CookBks","ArtBks","GeogBks"
"CookBks"
"YouthBks","CookBks","DoItYBks","ArtBks","GeogBks","ItalCook"
"ChildBks","CookBks","ItalCook"
"ChildBks","YouthBks","CookBks","DoItYBks","RefBks","ItalAtlas"
"CookBks"
"GeogBks"
"Florence"
"CookBks"
"ChildBks","CookBks"
"ChildBks","YouthBks","CookBks","RefBks","GeogBks","ItalCook","ItalAtlas"
"YouthBks","RefBks"
"ChildBks","CookBks","GeogBks","ItalCook"
"ArtBks"
"ChildBks","CookBks","DoItYBks","ArtBks","GeogBks"
"YouthBks","RefBks"
"DoItYBks"
"ChildBks"
"ChildBks"
"DoItYBks"
"ChildBks","RefBks"
"ChildBks","YouthBks","CookBks","RefBks"
"DoItYBks","RefBks"
"ChildBks","YouthBks","CookBks","DoItYBks","GeogBks","ItalCook"
"ChildBks","YouthBks","CookBks","DoItYBks"
"CookBks"
"ChildBks","GeogBks"
"YouthBks","CookBks","ItalCook"
"ChildBks","YouthBks","CookBks","ArtBks","GeogBks","ItalCook"
"ChildBks"
"ChildBks","YouthBks","CookBks","DoItYBks","RefBks","ArtBks","ItalCook","ItalAtlas","ItalArt"
"ChildBks","ArtBks"
"ChildBks","YouthBks","RefBks","GeogBks"
"ChildBks","YouthBks","CookBks","ArtBks","GeogBks","ItalCook"
"ChildBks","RefBks","ArtBks","Florence"
"YouthBks","DoItYBks","RefBks"
"ChildBks","DoItYBks","ArtBks"
"ChildBks"
"YouthBks"
"DoItYBks","GeogBks"
"ChildBks","Florence"
"ChildBks","YouthBks","CookBks","DoItYBks","RefBks","GeogBks","Florence"
"ChildBks"
"CookBks"
"YouthBks"
"ChildBks","CookBks","GeogBks"
"ChildBks","YouthBks","CookBks","DoItYBks"
"ChildBks","YouthBks","CookBks","DoItYBks","RefBks"
"ChildBks","RefBks"
"ChildBks","YouthBks","CookBks","DoItYBks","RefBks","ArtBks","ItalCook","ItalAtlas","ItalArt","Florence"
"DoItYBks","ArtBks"
"ChildBks","CookBks","RefBks","GeogBks","ItalCook","ItalAtlas"
"YouthBks"
"CookBks"
"CookBks"
"ChildBks","DoItYBks"
"YouthBks","CookBks"
"CookBks","GeogBks"
"Florence"
"ChildBks","YouthBks","CookBks","DoItYBks","RefBks","ArtBks"
"YouthBks"
"YouthBks"
"YouthBks"
"ChildBks","YouthBks","CookBks","ArtBks","GeogBks"
"DoItYBks"
"ChildBks","YouthBks","CookBks","ArtBks","ItalCook","ItalArt"
"DoItYBks"
"ChildBks","YouthBks","CookBks","RefBks"
"YouthBks","GeogBks"
"ChildBks","CookBks","ItalCook"
"ArtBks"
"YouthBks","CookBks","RefBks","ArtBks","GeogBks"
"ChildBks","CookBks","ArtBks","GeogBks","ItalCook","ItalArt","Florence"
"ChildBks","YouthBks","CookBks","ItalCook"
"ChildBks","CookBks","DoItYBks","ItalCook"
"ChildBks"
"ArtBks"
"ArtBks"
"DoItYBks"
"CookBks"
"ChildBks","YouthBks","CookBks","DoItYBks","RefBks","GeogBks"
"DoItYBks","RefBks"
"ChildBks","YouthBks","CookBks","DoItYBks","RefBks","GeogBks"
"CookBks","RefBks"
"CookBks"
"ChildBks"
"DoItYBks","ArtBks"
"GeogBks"
"ChildBks","YouthBks","CookBks","GeogBks"
"ChildBks","YouthBks","DoItYBks","RefBks","ArtBks","GeogBks","Florence"
"ChildBks"
"GeogBks"
"CookBks","ArtBks"
"CookBks"
"RefBks","GeogBks"
"CookBks","DoItYBks"
"YouthBks","CookBks","ArtBks","GeogBks"
"ChildBks","CookBks","DoItYBks","GeogBks","ItalCook","Florence"
"ChildBks"
"ChildBks","CookBks","DoItYBks"
"ArtBks","Florence"
"DoItYBks"
"ChildBks","DoItYBks"
"ChildBks","CookBks","DoItYBks","RefBks","ArtBks"
"CookBks","GeogBks","ItalCook"
"ChildBks","CookBks","RefBks","GeogBks"
"CookBks"
"ChildBks","CookBks","DoItYBks","ArtBks"
"ChildBks","RefBks"
"CookBks","DoItYBks","ArtBks"
"ChildBks","CookBks","DoItYBks","RefBks","ArtBks","GeogBks","ItalCook","ItalAtlas","ItalArt"
"ChildBks","DoItYBks","RefBks","GeogBks"
"ChildBks","CookBks","DoItYBks","ArtBks","GeogBks"
"CookBks","RefBks","GeogBks"
"RefBks","GeogBks","Florence"
"ChildBks","YouthBks","CookBks","DoItYBks","GeogBks","ItalCook"
"ChildBks"
"ChildBks"
"YouthBks","CookBks","ArtBks"
"ChildBks","CookBks","DoItYBks","ItalCook"
"ChildBks","CookBks","ArtBks","GeogBks"
"ChildBks","DoItYBks","RefBks","ArtBks","GeogBks","Florence"
"YouthBks","CookBks"
"CookBks","RefBks"
"ChildBks","DoItYBks","GeogBks"
"YouthBks","CookBks","DoItYBks"
"GeogBks"
"CookBks","RefBks"
"CookBks"
"CookBks"
"ChildBks"
"YouthBks","CookBks","RefBks"
"YouthBks"
"CookBks"
"YouthBks","CookBks","RefBks"
"ChildBks","YouthBks","CookBks","DoItYBks","ArtBks","ItalCook","ItalArt"
"ChildBks","YouthBks","CookBks","RefBks","ItalCook","ItalAtlas"
"ChildBks"
"ChildBks","CookBks","DoItYBks","RefBks","ArtBks"
"ChildBks","DoItYBks","Florence"
"ChildBks","CookBks","DoItYBks","RefBks","GeogBks"
"ChildBks","RefBks"
"CookBks","DoItYBks","RefBks","ArtBks","ItalCook","Florence"
"YouthBks"
"ChildBks","RefBks","ArtBks","ItalAtlas","ItalArt"
"YouthBks","CookBks","DoItYBks","GeogBks"
"ChildBks","CookBks"
"ChildBks","CookBks","GeogBks","Florence"
"ChildBks","YouthBks","CookBks","DoItYBks","ArtBks","GeogBks"
"ChildBks","YouthBks","CookBks","RefBks"
"ChildBks","CookBks","ArtBks","GeogBks"
"ChildBks","YouthBks","DoItYBks","RefBks","ArtBks"
"Florence"
"RefBks","ArtBks","ItalAtlas","ItalArt","Florence"
"YouthBks","DoItYBks","RefBks"
"ChildBks","RefBks","ItalAtlas"
"ChildBks","YouthBks","CookBks","DoItYBks"
"CookBks","GeogBks"
"YouthBks","CookBks","DoItYBks","ItalCook"
"GeogBks"
"ChildBks","CookBks","ArtBks","GeogBks","ItalCook","ItalArt","Florence"
"ChildBks","DoItYBks","ArtBks"
"ChildBks","CookBks","RefBks","GeogBks","ItalCook","ItalAtlas","Florence"
"YouthBks"
"ChildBks","YouthBks","CookBks","ArtBks","GeogBks","ItalCook"
"ChildBks","CookBks","DoItYBks","RefBks","ArtBks","GeogBks"
"CookBks"
"YouthBks","ArtBks","GeogBks"
"CookBks"
"ChildBks","CookBks","DoItYBks","ArtBks","GeogBks","Florence"
"ChildBks","GeogBks"
"CookBks","DoItYBks"
"CookBks","ItalCook"
"ChildBks","CookBks","DoItYBks"
"ChildBks","CookBks","ItalCook"
"Florence"
"ChildBks","DoItYBks","RefBks","ArtBks"
"ChildBks"
"YouthBks","CookBks","DoItYBks","ArtBks","GeogBks"
"ChildBks","YouthBks","CookBks","ArtBks","GeogBks"
"ArtBks","GeogBks"
"CookBks","RefBks"
"DoItYBks","RefBks"
"ChildBks","YouthBks","CookBks","DoItYBks","RefBks","ArtBks"
"CookBks","DoItYBks","RefBks"
"ChildBks","DoItYBks","RefBks","ArtBks"
"CookBks"
"ChildBks"
"RefBks"
"ChildBks","YouthBks","CookBks","ArtBks","GeogBks","ItalCook"
"CookBks"
"ChildBks","DoItYBks","ArtBks"
"ChildBks","YouthBks","CookBks","RefBks","ArtBks","GeogBks"
"CookBks"
"ChildBks","ArtBks"
"DoItYBks"
"ChildBks","YouthBks","CookBks","DoItYBks","ArtBks","GeogBks","ItalArt"
"ChildBks","ArtBks"
"ChildBks","CookBks","DoItYBks","RefBks","ArtBks"
"ChildBks","CookBks","DoItYBks","GeogBks"
"ChildBks","DoItYBks"
"RefBks","ArtBks","ItalAtlas","ItalArt"
"CookBks"
"CookBks","RefBks"
"YouthBks"
"ChildBks","YouthBks","CookBks","ArtBks"
"RefBks","ArtBks"
"ChildBks","CookBks","ItalCook"
"ChildBks","YouthBks","CookBks","DoItYBks","RefBks","ArtBks","GeogBks","Florence"
"Florence"
"YouthBks","GeogBks"
"RefBks"
"ChildBks","YouthBks","CookBks","GeogBks","ItalCook"
"CookBks","DoItYBks","RefBks","ArtBks","GeogBks","ItalCook","ItalAtlas","ItalArt"
"CookBks"
"GeogBks"
"ChildBks","YouthBks"
"CookBks","GeogBks"
"ChildBks"
"ChildBks"
"ChildBks","CookBks","ArtBks"
"ChildBks","GeogBks"
"Florence"
"CookBks","ItalCook","Florence"
"GeogBks"
"RefBks"
"ChildBks","YouthBks","ArtBks","GeogBks","Florence"
"ChildBks","YouthBks","GeogBks"
"ChildBks","YouthBks"
"DoItYBks","GeogBks"
"ChildBks","CookBks","DoItYBks","ArtBks","GeogBks","ItalCook"
"ChildBks","CookBks","RefBks","ArtBks","GeogBks"
"YouthBks"
"ChildBks"
"ChildBks","CookBks","DoItYBks","ArtBks","GeogBks"
"CookBks"
"YouthBks","CookBks"
"ChildBks","CookBks","ItalCook"
"YouthBks"
"ChildBks","CookBks","ArtBks"
"ChildBks","CookBks","RefBks","ArtBks","GeogBks"
"ChildBks","YouthBks","CookBks","DoItYBks","RefBks","GeogBks"
"ChildBks","CookBks","ArtBks","GeogBks","ItalCook"
"DoItYBks"
"YouthBks","ArtBks","ItalArt","Florence"
"CookBks","RefBks","ArtBks","GeogBks"
"CookBks"
"CookBks","RefBks"
"DoItYBks"
"YouthBks","CookBks"
"ChildBks","YouthBks","CookBks","DoItYBks","RefBks","GeogBks","ItalCook"
"CookBks","ArtBks"
"Florence"
"ChildBks","DoItYBks","GeogBks"
"GeogBks"
"GeogBks"
"RefBks"
"RefBks","ArtBks"
"ChildBks","YouthBks","CookBks","DoItYBks","RefBks","ArtBks","GeogBks"
"ChildBks","CookBks","DoItYBks","RefBks","ArtBks","GeogBks"
"YouthBks","CookBks","ArtBks","ItalCook"
"CookBks","ItalCook"
"ChildBks","YouthBks","CookBks","RefBks","GeogBks","ItalCook","ItalAtlas"
"CookBks"
"CookBks","GeogBks"
"YouthBks","CookBks","ArtBks","GeogBks"
"ChildBks","RefBks"
"ChildBks","YouthBks","DoItYBks"
"ChildBks"
"DoItYBks"
"CookBks"
"ChildBks","YouthBks","CookBks","RefBks","ArtBks","GeogBks","ItalCook","Florence"
"ChildBks"
"Florence"
"CookBks"
"RefBks"
"ChildBks","Florence"
"ChildBks","CookBks","DoItYBks"
"ChildBks","CookBks","DoItYBks","RefBks","GeogBks","ItalCook","ItalAtlas"
"ChildBks","CookBks"
"ChildBks","CookBks","DoItYBks","RefBks","ArtBks"
"YouthBks","CookBks"
"YouthBks","DoItYBks"
"CookBks","DoItYBks"
"ChildBks","YouthBks","DoItYBks","ArtBks","GeogBks"
"YouthBks","DoItYBks","ArtBks","GeogBks"
"CookBks","ArtBks","GeogBks","Florence"
"ChildBks","RefBks"
"ChildBks","CookBks"
"CookBks"
"DoItYBks"
"CookBks"
"YouthBks","CookBks","DoItYBks","ArtBks","GeogBks","ItalCook","ItalArt","Florence"
"YouthBks","CookBks","DoItYBks","RefBks","ArtBks","GeogBks"
"ChildBks","YouthBks","CookBks","DoItYBks","RefBks","ArtBks","GeogBks"
"CookBks"
"CookBks","DoItYBks","RefBks","GeogBks"
"ChildBks","CookBks"
"CookBks","DoItYBks"
"CookBks","Florence"
"ChildBks","YouthBks","CookBks","DoItYBks","ItalCook"
"GeogBks"
"GeogBks"
"YouthBks","CookBks","RefBks","ArtBks","GeogBks"
"CookBks","ArtBks"
"CookBks"
"CookBks","GeogBks"
"ChildBks","YouthBks","CookBks","DoItYBks","RefBks","ArtBks","GeogBks"
"ChildBks","YouthBks","CookBks","DoItYBks","RefBks","ArtBks","ItalCook","ItalAtlas","ItalArt"
"DoItYBks"
"YouthBks","CookBks","DoItYBks","GeogBks"
"ChildBks","GeogBks"
"ChildBks","YouthBks","CookBks","RefBks","GeogBks"
"ChildBks","CookBks","DoItYBks","RefBks"
"ChildBks","CookBks","DoItYBks","GeogBks","ItalCook"
"DoItYBks","RefBks"
"ArtBks"
"ChildBks","CookBks","DoItYBks","ArtBks","GeogBks"
"ChildBks"
"CookBks","DoItYBks","RefBks","ArtBks","GeogBks"
"ChildBks","YouthBks","CookBks","DoItYBks","ArtBks"
"YouthBks","CookBks","ItalCook"
"ChildBks","CookBks","DoItYBks","ArtBks"
"ChildBks","YouthBks","DoItYBks","RefBks","GeogBks"
"CookBks"
"CookBks","DoItYBks","Florence"
"ChildBks"
"ChildBks"
"GeogBks"
"ChildBks","CookBks","DoItYBks","ItalCook"
"ChildBks","CookBks","DoItYBks","RefBks","ArtBks","GeogBks"
"DoItYBks"
"ChildBks","YouthBks","CookBks","RefBks","GeogBks","ItalCook","ItalAtlas"
"ChildBks","CookBks","DoItYBks","RefBks","GeogBks"
"CookBks","RefBks","ArtBks","GeogBks","ItalCook","ItalAtlas","ItalArt"
"ChildBks","YouthBks","CookBks","RefBks","ArtBks","GeogBks"
"CookBks","DoItYBks","RefBks","ItalCook"
"ChildBks","YouthBks","GeogBks"
"CookBks","DoItYBks"
"ChildBks","CookBks","DoItYBks","RefBks","ItalCook","ItalAtlas"
"ChildBks"
"ChildBks"
"CookBks"
"CookBks","DoItYBks"
"ChildBks","CookBks","RefBks","GeogBks"
"ChildBks","YouthBks","CookBks","DoItYBks","ArtBks","GeogBks"
"ChildBks","YouthBks","ArtBks"
"ChildBks","CookBks","DoItYBks","ArtBks","Florence"
"YouthBks"
"ChildBks","YouthBks","CookBks","RefBks","ItalCook","ItalAtlas"
"CookBks","DoItYBks"
"CookBks","RefBks","ArtBks","GeogBks"
"ChildBks","CookBks","DoItYBks","ArtBks","GeogBks"
"CookBks","RefBks","GeogBks"
"ChildBks","YouthBks","CookBks","DoItYBks","ArtBks","ItalCook","ItalArt"
"ChildBks"
"CookBks","RefBks","ArtBks","GeogBks"
"CookBks"
"ArtBks","GeogBks","Florence"
"DoItYBks","RefBks","ArtBks"
"ChildBks","DoItYBks"
"DoItYBks","RefBks"
"ChildBks","YouthBks","CookBks","DoItYBks","RefBks","ArtBks","ItalCook","Florence"
"YouthBks"
"ChildBks","CookBks","ItalCook"
"YouthBks","CookBks","DoItYBks","ArtBks","GeogBks","ItalCook"
"ArtBks"
"ChildBks","CookBks","DoItYBks","RefBks","ArtBks"
"ChildBks","DoItYBks","GeogBks","Florence"
"ArtBks"
"YouthBks","CookBks","GeogBks"
"ChildBks","CookBks"
"CookBks"
"DoItYBks"
"ChildBks","CookBks"
"ChildBks","CookBks","RefBks","ArtBks"
"CookBks"
"CookBks"
"ChildBks","YouthBks","CookBks","RefBks","ArtBks","Florence"
"ChildBks","RefBks","ArtBks"
"Florence"
"GeogBks"
"ChildBks","CookBks","DoItYBks","RefBks","ArtBks"
"YouthBks"
"GeogBks","Florence"
"ChildBks"
"DoItYBks"
"ArtBks"
"GeogBks"
"ChildBks","YouthBks","CookBks","DoItYBks","RefBks","ArtBks"
"CookBks"
"ChildBks"
"ChildBks","YouthBks","DoItYBks","GeogBks"
"ChildBks","YouthBks","CookBks","RefBks","ArtBks","GeogBks"
"ChildBks","CookBks","ArtBks"
"CookBks"
"ChildBks","CookBks","DoItYBks","RefBks","ArtBks","GeogBks"
"ChildBks","YouthBks","Florence"
"RefBks","Florence"
"CookBks"
"ChildBks"
"ChildBks","GeogBks"
"CookBks"
"CookBks"
"RefBks"
"ChildBks","CookBks","RefBks","GeogBks"
"ChildBks","YouthBks","CookBks","DoItYBks","RefBks","ArtBks","GeogBks","ItalCook"
"ChildBks"
"YouthBks"
"DoItYBks","GeogBks"
"GeogBks"
"ChildBks"
"RefBks"
"DoItYBks","Florence"
"ChildBks"
"DoItYBks","ArtBks"
"ChildBks"
"ChildBks","CookBks","RefBks","GeogBks"
"ChildBks","YouthBks","CookBks","DoItYBks","ArtBks","ItalCook","ItalArt","Florence"
"ChildBks","CookBks","DoItYBks","ArtBks"
"ChildBks","CookBks"
"ChildBks","CookBks","DoItYBks","RefBks","ArtBks","GeogBks"
"CookBks"
"CookBks","RefBks","ArtBks","GeogBks","ItalCook","ItalAtlas","ItalArt","Florence"
"CookBks","ArtBks"
"CookBks","DoItYBks"
"YouthBks"
"CookBks","ArtBks"
"DoItYBks"
"CookBks"
"YouthBks"
"Florence"
"DoItYBks"
"Florence"
"ChildBks","YouthBks","CookBks","RefBks","ArtBks","GeogBks","ItalCook"
"ChildBks","YouthBks","CookBks","DoItYBks","RefBks","ArtBks","GeogBks"
"CookBks"
"CookBks"
"CookBks"
"ChildBks","CookBks","RefBks","ArtBks"
"ChildBks","ArtBks","GeogBks"
"CookBks"
"ChildBks","CookBks","GeogBks","ItalCook"
"YouthBks","CookBks","DoItYBks","GeogBks","ItalCook"
"ChildBks","YouthBks","Florence"
"CookBks"
"ChildBks"
"CookBks","RefBks","ArtBks","Florence"
"ChildBks"
"CookBks"
"ChildBks","YouthBks","CookBks","DoItYBks","GeogBks"
"DoItYBks"
"ChildBks","YouthBks","CookBks","RefBks","ArtBks","GeogBks","Florence"
"CookBks","ArtBks"
"YouthBks","CookBks"
"ChildBks","YouthBks","DoItYBks","RefBks","ArtBks","GeogBks","Florence"
"ChildBks","YouthBks","CookBks","DoItYBks","ArtBks","GeogBks"
"ChildBks","YouthBks"
"ChildBks","CookBks","DoItYBks","RefBks","ArtBks","GeogBks"
"ChildBks","CookBks","DoItYBks","RefBks","GeogBks"
"ChildBks","YouthBks","CookBks","RefBks","ArtBks"
"ChildBks","DoItYBks","ArtBks"
"YouthBks"
"ChildBks","YouthBks","CookBks","DoItYBks","RefBks","ArtBks"
"ArtBks"
"ChildBks","YouthBks","DoItYBks","RefBks","ArtBks","ItalAtlas","ItalArt"
"ChildBks"
"ChildBks","CookBks"
"RefBks","GeogBks"
"ChildBks","CookBks","DoItYBks","RefBks","ArtBks"
"GeogBks"
"ChildBks","CookBks","DoItYBks"
"YouthBks","ArtBks","GeogBks","Florence"
"CookBks"
"ChildBks","YouthBks","DoItYBks"
"CookBks","GeogBks"
"ArtBks"
"ChildBks"
"YouthBks","CookBks","RefBks","ArtBks"
"ChildBks","CookBks","DoItYBks","RefBks","ArtBks","GeogBks"
"CookBks"
"ChildBks","YouthBks","CookBks","DoItYBks","RefBks","ArtBks","GeogBks"
"ChildBks","CookBks","GeogBks","ItalCook"
"CookBks"
"ChildBks","YouthBks","CookBks","RefBks","ArtBks","GeogBks","Florence"
"CookBks"
"ChildBks","YouthBks","CookBks","DoItYBks","RefBks","GeogBks"
"RefBks","ArtBks","GeogBks","Florence"
"ArtBks"
"CookBks","RefBks"
"ChildBks"
"ArtBks"
"ChildBks","YouthBks","CookBks","ArtBks","GeogBks","Florence"
"ChildBks","YouthBks","CookBks","DoItYBks","RefBks","ArtBks","GeogBks","Florence"
"ChildBks","YouthBks","CookBks","DoItYBks","GeogBks"
"ChildBks","RefBks"
"CookBks","ItalCook"
"CookBks","DoItYBks"
"ChildBks","YouthBks","CookBks"
"YouthBks","Florence"
"ChildBks"
"ChildBks","YouthBks","CookBks","DoItYBks","ItalCook"
"ChildBks","CookBks","DoItYBks","ItalCook"
"ChildBks","CookBks","DoItYBks","ItalCook"
"ChildBks"
"CookBks","DoItYBks"
"CookBks","ItalCook"
"ChildBks","CookBks","DoItYBks","GeogBks"
"CookBks","RefBks","GeogBks"
"GeogBks"
"ChildBks","YouthBks","CookBks","RefBks","ItalCook","ItalAtlas"
"CookBks"
"ChildBks","CookBks","DoItYBks","ArtBks","ItalCook"
"ChildBks","CookBks","DoItYBks","GeogBks"
"GeogBks"
"Florence"
"ChildBks","YouthBks","CookBks","DoItYBks","RefBks","ArtBks","GeogBks"
"ChildBks","CookBks","RefBks","ArtBks","ItalAtlas","ItalArt"
"ChildBks","CookBks","DoItYBks","GeogBks"
"ChildBks","CookBks"
"DoItYBks"
"ChildBks","CookBks","DoItYBks"
"ChildBks","CookBks","DoItYBks","RefBks","GeogBks"
"ChildBks","YouthBks","CookBks","GeogBks"
"ChildBks","YouthBks","GeogBks"
"YouthBks"
"ChildBks","ArtBks","GeogBks"
"ChildBks","CookBks","ArtBks"
"YouthBks","CookBks","DoItYBks","GeogBks"
"ChildBks","CookBks","DoItYBks","ItalCook"
"ChildBks","GeogBks"
"DoItYBks"
"CookBks","ArtBks"
"DoItYBks","Florence"
"ChildBks","YouthBks","GeogBks"
"ChildBks","YouthBks","CookBks","DoItYBks","GeogBks","ItalCook"
"CookBks","ArtBks","GeogBks","ItalCook","ItalArt","Florence"
"ChildBks"
"ChildBks","RefBks"
"ChildBks","CookBks","DoItYBks","RefBks","GeogBks","ItalCook","ItalAtlas"
"CookBks","ArtBks"
"ChildBks","GeogBks"
"ChildBks","YouthBks","CookBks","DoItYBks","RefBks","ArtBks"
"ChildBks","YouthBks","CookBks","RefBks","ArtBks","GeogBks"
"CookBks","DoItYBks","GeogBks"
"CookBks"
"YouthBks","RefBks","ArtBks"
"ChildBks"
"ChildBks"
"ChildBks"
"ChildBks","YouthBks","CookBks","ArtBks","GeogBks"
"CookBks"
"DoItYBks"
"YouthBks","CookBks","DoItYBks","RefBks","GeogBks"
"ChildBks","YouthBks","CookBks","RefBks","ArtBks","GeogBks"
"ChildBks","CookBks","RefBks","ArtBks","GeogBks","Florence"
"ChildBks","YouthBks","CookBks","DoItYBks","RefBks","ArtBks","GeogBks"
"CookBks","DoItYBks","ArtBks","ItalCook","ItalArt"
"GeogBks"
"GeogBks"
"ChildBks","CookBks","DoItYBks","ArtBks","GeogBks","Florence"
"ChildBks","YouthBks","CookBks","GeogBks"
"ChildBks","CookBks","RefBks","ArtBks"
"ChildBks","CookBks","GeogBks","Florence"
"ChildBks"
"YouthBks"
"CookBks"
"YouthBks"
"CookBks","RefBks"
"ChildBks","ArtBks","GeogBks","Florence"
"ChildBks"
"ChildBks","DoItYBks"
"YouthBks"
"CookBks","ItalCook"
"ChildBks","YouthBks","CookBks","RefBks","ArtBks","GeogBks"
"ChildBks","YouthBks","CookBks","GeogBks"
"ChildBks"
"ChildBks","RefBks","ItalAtlas"
"YouthBks"
"ChildBks","YouthBks","CookBks","RefBks","ArtBks","GeogBks"
"ChildBks","YouthBks","CookBks","RefBks","GeogBks"
"DoItYBks"
"ChildBks","YouthBks"
"CookBks"
"YouthBks","CookBks"
"ChildBks","YouthBks","CookBks","ArtBks","GeogBks"
"YouthBks","DoItYBks"
"CookBks"
"ArtBks"
"ChildBks"
"ChildBks","CookBks","DoItYBks"
"YouthBks"
"CookBks","GeogBks"
"DoItYBks","GeogBks"
"ChildBks","YouthBks","CookBks","DoItYBks","ArtBks","GeogBks"
"ArtBks"
"RefBks","ArtBks"
"CookBks","DoItYBks","RefBks","ArtBks","GeogBks"
"YouthBks"
"ChildBks","YouthBks","CookBks","GeogBks"
"YouthBks","CookBks","RefBks","ArtBks","GeogBks"
"CookBks"
"CookBks"
"CookBks"
"ChildBks","YouthBks","ArtBks"
"ChildBks","YouthBks","CookBks","ArtBks","GeogBks"
"ArtBks"
"ChildBks"
"ChildBks","GeogBks"
"RefBks"
"ChildBks","YouthBks","CookBks","DoItYBks","RefBks","ArtBks","GeogBks","ItalCook"
"YouthBks","CookBks","DoItYBks","RefBks","GeogBks"
"RefBks","GeogBks"
"ChildBks","CookBks","DoItYBks","ArtBks","GeogBks","ItalCook"
"RefBks","ArtBks","Florence"
"YouthBks"
"YouthBks","CookBks","ArtBks","GeogBks","Florence"
"ChildBks","YouthBks","CookBks","ArtBks","GeogBks"
"YouthBks"
"CookBks","DoItYBks","RefBks","GeogBks"
"Florence"
"CookBks","RefBks"
"DoItYBks","ArtBks","ItalArt"
"DoItYBks","GeogBks"
"YouthBks","ArtBks","GeogBks"
"YouthBks","ArtBks"
"ChildBks","YouthBks","CookBks","RefBks","GeogBks","Florence"
"ChildBks","GeogBks"
"RefBks"
"ChildBks","YouthBks","CookBks","RefBks","ArtBks","GeogBks"
"CookBks","DoItYBks","ArtBks","GeogBks","ItalCook","ItalArt","Florence"
"CookBks","Florence"
"CookBks"
"ChildBks","DoItYBks"
"ChildBks","RefBks"
"ChildBks","YouthBks","CookBks","DoItYBks","ArtBks","GeogBks","ItalCook","ItalArt","Florence"
"ChildBks","CookBks","RefBks","GeogBks"
"ChildBks","CookBks","DoItYBks","GeogBks"
"ChildBks"
"ChildBks","RefBks","ArtBks","GeogBks","Florence"
"ArtBks"
"YouthBks","RefBks","ArtBks","GeogBks","ItalAtlas","ItalArt","Florence"
"YouthBks","GeogBks"
"ChildBks"
"ChildBks","CookBks","DoItYBks","RefBks","ArtBks","GeogBks","ItalCook","ItalAtlas","ItalArt"
"DoItYBks"
"Florence"
"DoItYBks"
"YouthBks","CookBks","DoItYBks","ArtBks"
"ChildBks","CookBks","DoItYBks","RefBks"
"ChildBks"
"ChildBks","RefBks","ArtBks","GeogBks"
"ChildBks","YouthBks","CookBks","RefBks"
"ChildBks","YouthBks","CookBks","DoItYBks","RefBks","GeogBks"
"ChildBks","YouthBks","CookBks","RefBks","ArtBks","GeogBks","ItalAtlas"
"YouthBks","CookBks","RefBks","ItalCook"
"CookBks"
"CookBks","GeogBks"
"CookBks","ArtBks","ItalArt"
"Florence"
"ChildBks","YouthBks","GeogBks"
"ChildBks"
"ChildBks"
"CookBks"
"CookBks"
"ChildBks","CookBks","DoItYBks","RefBks","ItalCook","ItalAtlas"
"ChildBks","CookBks","DoItYBks","RefBks","GeogBks"
"ChildBks","YouthBks","CookBks","GeogBks"
"CookBks"
"ChildBks","CookBks","DoItYBks","ArtBks","ItalCook","ItalArt"
"CookBks"
"ChildBks","CookBks","DoItYBks","ArtBks"
"CookBks"
"Florence"
"ChildBks","YouthBks","DoItYBks","ArtBks","GeogBks","ItalArt"
"YouthBks","CookBks","DoItYBks","GeogBks"
"ChildBks"
"ChildBks","GeogBks"
"ChildBks","CookBks","DoItYBks","ArtBks","GeogBks","ItalCook","Florence"
"RefBks"
"ChildBks","CookBks","DoItYBks","RefBks","ArtBks"
"ChildBks"
"CookBks"
"ChildBks","CookBks","DoItYBks","GeogBks","ItalCook"
"CookBks"
"ChildBks","YouthBks","CookBks","GeogBks","ItalCook"
"ChildBks","YouthBks","CookBks","GeogBks"
"ArtBks","GeogBks"
"ChildBks"
"DoItYBks","Florence"
"ChildBks","YouthBks","CookBks","GeogBks","ItalCook"
"CookBks","ArtBks"
"CookBks","ItalCook"
"ChildBks","YouthBks","CookBks","ArtBks","GeogBks","Florence"
"ChildBks","CookBks","GeogBks"
"YouthBks"
"YouthBks"
"ChildBks","CookBks","RefBks","ArtBks"
"ChildBks","CookBks","DoItYBks","GeogBks","ItalCook"
"CookBks","DoItYBks","RefBks","GeogBks"
"CookBks"
"ChildBks","RefBks","ItalAtlas","Florence"
"ChildBks","ArtBks"
"ChildBks"
"ChildBks","CookBks","RefBks","GeogBks"
"YouthBks","GeogBks"
"ChildBks","CookBks","RefBks","GeogBks"
"ChildBks","YouthBks","CookBks","GeogBks"
"ChildBks","DoItYBks","RefBks","ArtBks","GeogBks"
"ChildBks","YouthBks","CookBks","DoItYBks","GeogBks"
"GeogBks"
"DoItYBks","GeogBks"
"ChildBks","RefBks"
"ChildBks","YouthBks","CookBks","GeogBks"
"ArtBks"
"CookBks","ArtBks"
"CookBks","RefBks"
"YouthBks"
"YouthBks"
"YouthBks","CookBks","DoItYBks","ArtBks"
"ChildBks","YouthBks","CookBks","DoItYBks","RefBks","ItalCook"
"YouthBks","DoItYBks","RefBks","GeogBks","ItalAtlas"
"ChildBks"
"YouthBks"
"ChildBks","CookBks"
"RefBks"
"CookBks"
"ChildBks","CookBks","ArtBks","GeogBks"
"ChildBks"
"ChildBks","YouthBks","DoItYBks","ArtBks","GeogBks"
"ChildBks","DoItYBks","RefBks","ArtBks","GeogBks"
"YouthBks","CookBks","RefBks","ArtBks","GeogBks","ItalCook","ItalAtlas","ItalArt"
"ChildBks","CookBks","RefBks","ItalCook","ItalAtlas"
"ChildBks","ArtBks"
"CookBks","DoItYBks","GeogBks","ItalCook"
"ArtBks","Florence"
"ChildBks"
"DoItYBks"
"ChildBks","ArtBks"
"DoItYBks"
"ChildBks","CookBks","DoItYBks"
"ChildBks","YouthBks","CookBks","ArtBks","ItalCook","ItalArt"
"ChildBks","CookBks"
"ChildBks"
"ChildBks","YouthBks","CookBks","DoItYBks","ItalCook"
"ChildBks"
"CookBks"
"ChildBks","YouthBks","CookBks","DoItYBks","GeogBks"
"ChildBks","YouthBks","CookBks","GeogBks"
"ArtBks","Florence"
"DoItYBks"
"ChildBks","YouthBks","CookBks","ArtBks","GeogBks"
"YouthBks","CookBks","DoItYBks","ItalCook"
"CookBks","ArtBks"
"ChildBks","CookBks"
"DoItYBks","RefBks"
"YouthBks","CookBks","DoItYBks","RefBks","ArtBks","GeogBks"
"ChildBks","YouthBks","GeogBks"
"ChildBks"
"YouthBks","CookBks","RefBks","ArtBks"
"ChildBks","RefBks","Florence"
"YouthBks","CookBks","DoItYBks"
"ChildBks","YouthBks","CookBks","ArtBks","GeogBks","ItalCook","Florence"
"ChildBks","YouthBks"
"YouthBks","CookBks","DoItYBks","ArtBks","GeogBks","ItalCook","ItalArt","Florence"
"ChildBks","YouthBks","CookBks","ArtBks","GeogBks","ItalCook","ItalArt"
"ChildBks"
"YouthBks","RefBks"
"DoItYBks"
"YouthBks"
"ChildBks","YouthBks","CookBks","ArtBks","ItalCook"
"DoItYBks"
"GeogBks"
"ChildBks"
"ChildBks"
"ChildBks","YouthBks","CookBks","ArtBks","GeogBks","ItalCook","ItalArt"
"ChildBks","YouthBks","CookBks","DoItYBks","ArtBks","GeogBks","Florence"
"ChildBks","YouthBks","CookBks","ArtBks"
"CookBks"
"YouthBks","DoItYBks"
"ChildBks"
"CookBks"
"YouthBks"
"DoItYBks"
"ArtBks"
"Florence"
"CookBks","RefBks"
"RefBks","ArtBks"
"RefBks"
"ChildBks","YouthBks","CookBks","DoItYBks","RefBks","ArtBks","GeogBks"
"ChildBks","CookBks","RefBks","ArtBks","GeogBks","ItalCook","ItalAtlas","ItalArt"
"YouthBks"
"YouthBks","CookBks","GeogBks","ItalCook"
"YouthBks"
"ChildBks","RefBks"
"ChildBks","YouthBks","CookBks","RefBks","ArtBks","GeogBks","Florence"
"ChildBks","CookBks","DoItYBks"
"ChildBks","DoItYBks","RefBks","ArtBks"
"Florence"
"CookBks","GeogBks"
"ChildBks","CookBks","RefBks","ArtBks","GeogBks"
"Florence"
"ChildBks","YouthBks","CookBks","DoItYBks","ArtBks","GeogBks","ItalCook","ItalArt"
"ArtBks"
"ChildBks","YouthBks","CookBks","DoItYBks","GeogBks"
"ChildBks"
"ArtBks"
"ChildBks"
"DoItYBks"
"YouthBks","DoItYBks"
"ChildBks","CookBks","DoItYBks","ArtBks","ItalCook"
"CookBks"
"ChildBks","CookBks","ArtBks","GeogBks"
"CookBks"
"ChildBks","CookBks","DoItYBks","RefBks","ItalCook","ItalAtlas"
"ChildBks","CookBks","ArtBks"
"ChildBks","YouthBks","GeogBks"
"ChildBks","CookBks"
"Florence"
"ChildBks","DoItYBks"
"ChildBks","YouthBks","CookBks","DoItYBks","RefBks","ItalCook"
"ChildBks","YouthBks","CookBks","RefBks","Florence"
"ChildBks","CookBks","DoItYBks","RefBks","ArtBks","ItalCook","ItalArt"
"ChildBks","Florence"
"Florence"
"CookBks","GeogBks"
"ChildBks","YouthBks","DoItYBks","RefBks","GeogBks"
"ChildBks","CookBks","DoItYBks","ArtBks","GeogBks"
"YouthBks","ArtBks","ItalArt"
"ChildBks"
"ChildBks","CookBks","ArtBks"
"ChildBks","YouthBks","CookBks","DoItYBks","RefBks","ArtBks","GeogBks"
"ChildBks","CookBks","DoItYBks"
"GeogBks"
"ChildBks","CookBks","DoItYBks","RefBks","ArtBks","GeogBks"
"ChildBks","CookBks","RefBks","ItalCook"
"ChildBks","CookBks","RefBks","GeogBks","ItalCook","ItalAtlas"
"ChildBks","YouthBks"
"ArtBks","GeogBks"
"ChildBks","CookBks","DoItYBks","RefBks","GeogBks","ItalCook"
"ChildBks"
"ChildBks"
"DoItYBks","GeogBks"
"ChildBks"
"CookBks","DoItYBks"
"DoItYBks","GeogBks"
"RefBks"
"YouthBks","CookBks","DoItYBks","RefBks","ArtBks"
"ChildBks","YouthBks","CookBks","DoItYBks","RefBks","ArtBks","GeogBks"
"ChildBks","CookBks","DoItYBks","GeogBks"
"ChildBks"
"ChildBks","YouthBks","CookBks","DoItYBks","RefBks","ArtBks","GeogBks","ItalCook","ItalAtlas","ItalArt"
"ChildBks"
"ChildBks","YouthBks","RefBks","ArtBks"
"ChildBks","CookBks","DoItYBks","GeogBks","ItalCook","Florence"
"ChildBks"
"ChildBks"
"CookBks","RefBks"
"ChildBks","CookBks","DoItYBks","ArtBks","ItalCook","ItalArt"
"YouthBks","CookBks","RefBks","ArtBks"
"CookBks","RefBks","ArtBks","GeogBks"
"DoItYBks","ArtBks","Florence"
"GeogBks"
"YouthBks","ArtBks","GeogBks","ItalArt","Florence"
"ChildBks","YouthBks","DoItYBks"
"YouthBks","CookBks","GeogBks"
"Florence"
"ChildBks","Florence"
"RefBks","Florence"
"CookBks"
"ChildBks"
"ChildBks","YouthBks","DoItYBks","ArtBks","GeogBks","Florence"
"GeogBks"
"ChildBks","YouthBks","CookBks","DoItYBks","RefBks","ItalCook","ItalAtlas"
"ChildBks","YouthBks","DoItYBks","RefBks","ArtBks","GeogBks"
"CookBks","ItalCook"
"ChildBks","YouthBks","CookBks","ArtBks","GeogBks"
"ChildBks","CookBks","ItalCook"
"CookBks","RefBks"
"ChildBks","CookBks","ArtBks","GeogBks","ItalCook","ItalArt"
"DoItYBks"
"ChildBks"
"ChildBks","GeogBks"
"CookBks"
"YouthBks","DoItYBks","ArtBks","Florence"
"ChildBks","CookBks","DoItYBks","ArtBks","GeogBks","ItalCook","ItalArt"
"ChildBks","CookBks","DoItYBks","RefBks","ArtBks"
"CookBks"
"ChildBks","DoItYBks","ArtBks"
"ChildBks"
"ArtBks","GeogBks"
"YouthBks","CookBks","DoItYBks","RefBks","ArtBks","ItalCook","ItalAtlas","ItalArt"
"ChildBks","CookBks"
"ChildBks","YouthBks","CookBks","GeogBks","Florence"
"YouthBks","CookBks","RefBks"
"ChildBks"
"ChildBks","CookBks","ArtBks","GeogBks","ItalCook","ItalArt"
"ChildBks","RefBks"
"YouthBks"
"ChildBks","CookBks"
"ChildBks","YouthBks","DoItYBks","RefBks","ArtBks","GeogBks"
"ChildBks","YouthBks","CookBks","DoItYBks","ArtBks","ItalCook"
"CookBks","GeogBks"
"DoItYBks","ArtBks","ItalArt"
"YouthBks"
"Florence"
"ChildBks","YouthBks","DoItYBks","RefBks","ArtBks","Florence"
"ChildBks","YouthBks"
"CookBks"
"ChildBks","YouthBks","CookBks","DoItYBks","RefBks"
"CookBks","DoItYBks"
"CookBks"
"ChildBks","YouthBks","CookBks","RefBks","GeogBks","ItalCook","ItalAtlas"
"CookBks"
"CookBks"
"CookBks","DoItYBks","ItalCook"
"CookBks"
"ChildBks"
"YouthBks","CookBks","DoItYBks","GeogBks"
"ArtBks"
"RefBks"
"CookBks","RefBks"
"ChildBks"
"ChildBks","YouthBks","CookBks","DoItYBks","RefBks","ArtBks"
"RefBks","ArtBks"
"ChildBks","CookBks","DoItYBks","GeogBks"
"YouthBks","CookBks"
"RefBks"
"ChildBks","YouthBks","CookBks","ArtBks","GeogBks"
"Florence"
"CookBks"
"CookBks","DoItYBks"
"YouthBks","CookBks","RefBks","ArtBks","ItalCook"
"CookBks","ArtBks"
"ChildBks","DoItYBks"
"ChildBks","YouthBks","CookBks","DoItYBks","RefBks","ArtBks","GeogBks","Florence"
"ChildBks","YouthBks","CookBks"
"CookBks"
"ChildBks","YouthBks","CookBks","RefBks","GeogBks"
"ChildBks","CookBks"
"YouthBks","CookBks","ArtBks","GeogBks","Florence"
"DoItYBks","ArtBks"
"ChildBks","YouthBks","CookBks","DoItYBks","GeogBks","ItalCook"
"ChildBks"
"RefBks"
"ChildBks","YouthBks"
"ChildBks","GeogBks"
"GeogBks"
"CookBks"
"YouthBks","CookBks","ArtBks","GeogBks"
"ChildBks","YouthBks","CookBks","GeogBks","ItalCook"
"ChildBks"
"ChildBks","YouthBks","CookBks","DoItYBks","RefBks","ArtBks","GeogBks"
"Florence"
"GeogBks"
"CookBks"
"ChildBks","YouthBks","CookBks","DoItYBks","RefBks","ArtBks","GeogBks","ItalCook"
"YouthBks"
"CookBks"
"ChildBks","YouthBks","CookBks"
"ChildBks","CookBks","DoItYBks"
"CookBks"
"YouthBks","GeogBks"
"ChildBks","CookBks","DoItYBks","RefBks"
"GeogBks"
"ChildBks","CookBks","ItalCook"
"YouthBks","CookBks","RefBks","ArtBks"
"ChildBks","YouthBks","CookBks","DoItYBks","RefBks","ArtBks","GeogBks"
"YouthBks","CookBks","DoItYBks"
"ChildBks","ArtBks"
"ChildBks","DoItYBks"
"GeogBks"
"ChildBks","YouthBks","CookBks","ArtBks","ItalCook","ItalArt"
"ChildBks","YouthBks","CookBks","RefBks","GeogBks"
"ChildBks","DoItYBks","GeogBks"
"ChildBks","CookBks","DoItYBks","ArtBks","GeogBks","ItalCook"
"YouthBks","CookBks","DoItYBks","RefBks","ArtBks","GeogBks"
"DoItYBks"
"ChildBks"
"ChildBks","YouthBks","CookBks","DoItYBks","RefBks","ArtBks","GeogBks","Florence"
"ChildBks","YouthBks","CookBks","DoItYBks","ArtBks","GeogBks"
"RefBks","ItalAtlas"
"ChildBks","CookBks","DoItYBks","RefBks","ArtBks","GeogBks","ItalAtlas","Florence"
"GeogBks"
"ChildBks","YouthBks","CookBks","DoItYBks","RefBks","ItalCook","ItalAtlas"
"Florence"
"ChildBks"
"YouthBks","CookBks","RefBks","GeogBks"
"ChildBks","YouthBks","CookBks","DoItYBks","RefBks","ArtBks","GeogBks"
"YouthBks","CookBks","DoItYBks","ItalCook"
"DoItYBks"
"CookBks","ArtBks"
"Florence"
"ChildBks","DoItYBks"
"CookBks","ArtBks"
"ChildBks","YouthBks","DoItYBks","RefBks","ArtBks","GeogBks"
"ChildBks"
"ChildBks","ArtBks"
"ChildBks","CookBks"
"ChildBks","CookBks","ArtBks"
"ChildBks","CookBks","DoItYBks","RefBks"
"ChildBks","YouthBks","CookBks","DoItYBks","ArtBks","GeogBks","ItalCook"
"ChildBks","YouthBks","CookBks","DoItYBks"
"CookBks"
"ChildBks","CookBks"
"DoItYBks"
"ArtBks","GeogBks"
"ChildBks","DoItYBks"
"ChildBks","YouthBks","CookBks","GeogBks","ItalCook"
"ChildBks","CookBks"
"ArtBks"
"ChildBks","YouthBks","CookBks","DoItYBks","RefBks","GeogBks"
"ChildBks","CookBks","DoItYBks","RefBks","GeogBks","Florence"
"YouthBks","CookBks"
"ChildBks","YouthBks","CookBks","RefBks","ItalCook"
"CookBks","ArtBks"
"RefBks"
"ChildBks","YouthBks","RefBks","ArtBks","ItalAtlas","ItalArt","Florence"
"ChildBks","YouthBks","CookBks","DoItYBks","RefBks","ArtBks","GeogBks"
"CookBks","DoItYBks","RefBks","GeogBks"
"ChildBks","YouthBks","CookBks","DoItYBks","ArtBks","GeogBks","Florence"
"ChildBks","RefBks"
"ChildBks","CookBks","DoItYBks","ArtBks"
"ChildBks","YouthBks","CookBks","DoItYBks","RefBks","ArtBks","ItalCook"
"DoItYBks"
"ChildBks","CookBks"
"ChildBks","CookBks","DoItYBks","RefBks","ItalCook"
"CookBks","Florence"
"ArtBks","Florence"
"YouthBks"
"ChildBks","YouthBks","CookBks"
"ChildBks","CookBks"
"ChildBks"
"ArtBks","Florence"
"ChildBks","YouthBks","CookBks","DoItYBks","RefBks","ArtBks","GeogBks"
"YouthBks","CookBks"
"ChildBks","RefBks"
"CookBks","RefBks","ItalCook","ItalAtlas","Florence"
"CookBks"
"GeogBks"
"CookBks","ArtBks"
"GeogBks"
"ChildBks","YouthBks","CookBks"
"GeogBks","ItalCook"
"DoItYBks"
"YouthBks","DoItYBks","RefBks","GeogBks"
"ChildBks","YouthBks","CookBks","DoItYBks","ArtBks"
"GeogBks"
"ChildBks","CookBks","RefBks"
"YouthBks","CookBks","DoItYBks","GeogBks","ItalArt"
"DoItYBks"
"ChildBks","RefBks","ArtBks","GeogBks"
"ChildBks","DoItYBks","RefBks","ArtBks"
"GeogBks"
"ItalCook"
"YouthBks","ArtBks","ItalCook"
"ChildBks","YouthBks","CookBks","DoItYBks","GeogBks","Florence"
"ChildBks","DoItYBks","ItalCook"
"ChildBks","CookBks","DoItYBks","RefBks","GeogBks","ItalCook","Florence"
"ChildBks","YouthBks","CookBks","DoItYBks","RefBks","GeogBks","Florence"
"ChildBks","YouthBks","DoItYBks","RefBks","ItalArt"
"ChildBks","YouthBks","CookBks","ItalArt"
"ChildBks","CookBks","DoItYBks","RefBks","GeogBks"
"ChildBks","CookBks","DoItYBks","GeogBks","ItalArt"
"ChildBks","CookBks","DoItYBks","Florence"
"YouthBks","CookBks","DoItYBks","GeogBks"
"CookBks","DoItYBks","ItalCook"
"ArtBks","ItalCook"
"ChildBks","ArtBks","ItalCook","Florence"
"ChildBks","ArtBks","Florence"
"CookBks","RefBks","ArtBks","ItalArt"
"ChildBks","YouthBks","CookBks","DoItYBks","ArtBks","GeogBks","Florence"
"YouthBks","CookBks","DoItYBks"
"ChildBks","YouthBks","CookBks","DoItYBks","RefBks","GeogBks","ItalArt"
"ChildBks","YouthBks","CookBks","DoItYBks","GeogBks"
"ChildBks","YouthBks","CookBks","RefBks","GeogBks","Florence"
"CookBks","RefBks"
"ChildBks","YouthBks","CookBks","DoItYBks","GeogBks","ItalCook","Florence"
"DoItYBks","RefBks"
"ChildBks","YouthBks","CookBks","DoItYBks","RefBks","GeogBks"
"ChildBks","GeogBks"
"ItalCook"
"ChildBks","YouthBks","CookBks","DoItYBks","RefBks","ItalCook"
"ChildBks","CookBks","DoItYBks","RefBks","ArtBks"
"ChildBks","YouthBks","CookBks","RefBks"
"CookBks","DoItYBks","ItalArt"
"ChildBks"
"DoItYBks"
"ChildBks","YouthBks","CookBks","GeogBks","Florence"
"CookBks","DoItYBks","RefBks"
"CookBks","DoItYBks"
"ChildBks"
"ChildBks","CookBks","DoItYBks","GeogBks","Florence"
"GeogBks","ItalCook","Florence"
"ArtBks"
"CookBks","GeogBks"
"ChildBks","DoItYBks","RefBks","GeogBks","ItalArt"
"CookBks","RefBks"
"ChildBks","ItalCook"
"ArtBks"
"ChildBks","YouthBks","CookBks","DoItYBks","RefBks","GeogBks"
"YouthBks"
"YouthBks","RefBks"
"ChildBks"
"ChildBks","YouthBks","CookBks","RefBks","GeogBks"
"ChildBks","CookBks","ArtBks","ItalCook"
"ChildBks","YouthBks","CookBks","DoItYBks","GeogBks","ItalCook","ItalArt","Florence"
"ChildBks","ArtBks","Florence"
"ChildBks","YouthBks","CookBks","RefBks"
"ChildBks","DoItYBks","ArtBks","ItalCook","ItalArt"
"ChildBks","CookBks","DoItYBks"
"RefBks"
"YouthBks"
"DoItYBks","ArtBks"
"ChildBks","CookBks","RefBks","ArtBks","GeogBks","ItalArt"
"CookBks","ArtBks","GeogBks"
"ChildBks","CookBks","ArtBks"
"CookBks"
"ChildBks","YouthBks","CookBks","DoItYBks"
"ItalCook"
"ChildBks","ItalCook"
"CookBks","DoItYBks","ItalCook","ItalAtlas"
"GeogBks"
"ChildBks","YouthBks","CookBks","DoItYBks","RefBks","GeogBks"
"ChildBks","YouthBks","CookBks","DoItYBks","GeogBks"
"ChildBks","YouthBks","CookBks","DoItYBks","GeogBks"
"CookBks"
"CookBks","DoItYBks","ItalAtlas"
"YouthBks","ArtBks","GeogBks"
"ArtBks","GeogBks"
"CookBks"
"ChildBks","CookBks","DoItYBks","RefBks","GeogBks","ItalAtlas"
"ChildBks","YouthBks","CookBks","DoItYBks","RefBks","GeogBks","ItalArt","Florence"
"ChildBks","YouthBks","CookBks","DoItYBks","RefBks"
"DoItYBks","RefBks"
"YouthBks","CookBks"
"ChildBks","YouthBks","RefBks","ItalAtlas","Florence"
"ChildBks"
"DoItYBks"
"ChildBks","YouthBks","CookBks","DoItYBks"
"CookBks","Florence"
"ChildBks","CookBks","GeogBks"
"RefBks"
"RefBks"
"DoItYBks"
"GeogBks"
"ChildBks","YouthBks","CookBks","DoItYBks"
"YouthBks","CookBks","DoItYBks","ArtBks","ItalAtlas"
"ChildBks","YouthBks","CookBks","ArtBks","ItalCook"
"ChildBks","YouthBks","CookBks","DoItYBks","RefBks","ArtBks"
"ChildBks","CookBks","RefBks"
"CookBks","ArtBks"
"ArtBks"
"ChildBks","YouthBks","CookBks","ArtBks","GeogBks","ItalCook","ItalAtlas"
"ChildBks","YouthBks","CookBks","RefBks","ItalAtlas"
"CookBks","RefBks"
"ArtBks"
"ChildBks","CookBks","DoItYBks","RefBks"
"ChildBks","YouthBks","CookBks","DoItYBks","RefBks","GeogBks","ItalAtlas","ItalArt"
"RefBks","ItalArt"
"ChildBks","CookBks","DoItYBks","GeogBks","ItalArt"
"RefBks"
"ChildBks","ItalCook"
"DoItYBks"
"RefBks"
"YouthBks","ItalCook"
"ChildBks","YouthBks","CookBks","RefBks"
"ChildBks","YouthBks","GeogBks","ItalAtlas","ItalArt"
"ItalCook","Florence"
"CookBks","ItalCook"
"ChildBks","CookBks","ArtBks","ItalCook"
"YouthBks","ArtBks","GeogBks","ItalCook"
"YouthBks","DoItYBks","RefBks","ArtBks"
"YouthBks","GeogBks","ItalCook"
"ChildBks","RefBks"
"GeogBks"
"ItalCook"
"YouthBks","ArtBks"
"ChildBks"
"CookBks","RefBks"
"GeogBks"
"ArtBks"
"GeogBks"
"CookBks","RefBks","ArtBks","ItalAtlas"
"ChildBks","YouthBks","CookBks","DoItYBks","RefBks","ArtBks","GeogBks"
"DoItYBks"
"GeogBks"
"ArtBks"
"ChildBks","GeogBks"
"DoItYBks","RefBks"
"CookBks","GeogBks"
"ChildBks","YouthBks","CookBks","DoItYBks","ArtBks"
"ChildBks","YouthBks","CookBks","ItalCook"
"CookBks","DoItYBks","ArtBks","GeogBks","ItalAtlas"
"ArtBks","GeogBks","ItalCook"
"ChildBks","CookBks","RefBks","Florence"
"ChildBks","CookBks","DoItYBks","Florence"
"YouthBks","Florence"
"ChildBks","CookBks"
"CookBks","Florence"
"GeogBks"
"ChildBks"
"ChildBks"
"YouthBks","CookBks","GeogBks"
"ChildBks"
"ChildBks","YouthBks","CookBks","DoItYBks","ArtBks","GeogBks","ItalArt"
"ChildBks","GeogBks"
"CookBks"
"CookBks"
"CookBks"
"ChildBks"
"ChildBks","DoItYBks","RefBks"
"RefBks","ItalCook"
"ChildBks","YouthBks","CookBks"
"ChildBks","YouthBks"
"YouthBks","Florence"
"Florence"
"YouthBks","DoItYBks"
"ChildBks","CookBks","DoItYBks"
"ChildBks","CookBks","RefBks","ArtBks"
"ArtBks"
"ChildBks","YouthBks","CookBks"
"DoItYBks"
"ChildBks","YouthBks","CookBks","DoItYBks","ItalAtlas"
"ChildBks","CookBks","RefBks"
"DoItYBks","GeogBks"
"ChildBks","CookBks","RefBks"
"ChildBks","ArtBks"
"ChildBks","CookBks","ArtBks"
"GeogBks"
"CookBks"
"ChildBks","YouthBks","CookBks","DoItYBks","GeogBks","Florence"
"GeogBks"
"ChildBks","YouthBks","CookBks","DoItYBks","RefBks"
"YouthBks","DoItYBks"
"YouthBks","CookBks","DoItYBks","RefBks","GeogBks"
"ChildBks","YouthBks","CookBks"
"YouthBks","CookBks","ItalCook"
"DoItYBks","GeogBks","ItalCook"
"ChildBks","CookBks","DoItYBks","GeogBks"
"ItalCook"
"YouthBks","ItalCook"
"ChildBks","CookBks","DoItYBks"
"ChildBks","YouthBks","CookBks","DoItYBks"
"ChildBks","YouthBks","CookBks","DoItYBks","RefBks"
"ChildBks","CookBks","RefBks"
"CookBks"
"ChildBks","YouthBks","CookBks","DoItYBks","RefBks","ItalAtlas","ItalArt"
"ChildBks","CookBks"
"YouthBks","CookBks","DoItYBks"
"ChildBks","CookBks","ItalCook"
"ChildBks","CookBks"
"ChildBks"
"GeogBks","ItalCook"
"ArtBks","GeogBks"
"ChildBks","YouthBks","CookBks","RefBks"
"ChildBks","YouthBks","CookBks","DoItYBks","GeogBks"
"ChildBks","CookBks","DoItYBks","RefBks","GeogBks","ItalArt"
"ChildBks","YouthBks","CookBks","DoItYBks","RefBks","ArtBks","GeogBks"
"ArtBks"
"CookBks","ArtBks","GeogBks"
"CookBks","GeogBks"
"ChildBks","YouthBks","CookBks","RefBks","GeogBks"
"ChildBks","ArtBks","GeogBks"
"YouthBks"
"ChildBks","CookBks"
"ChildBks","YouthBks","CookBks","DoItYBks"
"ChildBks","ArtBks"
"CookBks","ArtBks"
"ChildBks","CookBks","RefBks","ItalCook"
"ChildBks","CookBks","DoItYBks","ArtBks","ItalCook","ItalAtlas"
"ArtBks"
"ChildBks","YouthBks"
"YouthBks"
"CookBks"
"RefBks","GeogBks"
"ChildBks","CookBks"
"GeogBks"
"RefBks"
"CookBks","DoItYBks","RefBks"
"ArtBks","GeogBks"
"CookBks","ItalCook"
"ChildBks","DoItYBks","RefBks"
"Florence"
"DoItYBks","Florence"
"ChildBks"
"ChildBks","CookBks","RefBks"
"ChildBks","ArtBks"
"ChildBks","CookBks","DoItYBks","RefBks"
"ChildBks","YouthBks","CookBks","DoItYBks","RefBks","GeogBks","ItalArt"
"ArtBks"
"ChildBks"
"CookBks"
"DoItYBks"
"GeogBks"
"RefBks"
"ChildBks","CookBks","DoItYBks","RefBks"
"ChildBks","YouthBks","GeogBks"
"CookBks","RefBks"
"ChildBks","YouthBks","CookBks","DoItYBks","GeogBks"
"ChildBks","CookBks","RefBks","GeogBks"
"YouthBks","RefBks","ArtBks"
"ChildBks","YouthBks","CookBks","DoItYBks","ArtBks","GeogBks"
"ChildBks","CookBks","GeogBks"
"ChildBks","Florence"
"ChildBks","CookBks","DoItYBks","ItalCook"
"ChildBks"
"ChildBks","CookBks","DoItYBks","RefBks"
"CookBks","Florence"
"Florence"
"ChildBks","YouthBks","CookBks","DoItYBks","RefBks"
"ChildBks","CookBks","GeogBks"
"CookBks","GeogBks"
"CookBks"
"ChildBks","CookBks","DoItYBks","ArtBks","GeogBks"
"ChildBks"
"DoItYBks","GeogBks"
"ChildBks","CookBks","DoItYBks","GeogBks"
"CookBks","DoItYBks","ArtBks"
"ChildBks","YouthBks","CookBks","GeogBks","ItalArt"
"YouthBks","CookBks","GeogBks"
"GeogBks"
"ChildBks","YouthBks","CookBks","DoItYBks","RefBks","ItalCook","ItalAtlas","ItalArt"
"ChildBks","CookBks","RefBks","ArtBks","GeogBks"
"ChildBks","ArtBks"
"ChildBks"
"ChildBks","CookBks"
"YouthBks","GeogBks","ItalCook"
"ChildBks","YouthBks","CookBks","RefBks","ItalCook"
"DoItYBks","RefBks","ItalCook"
"CookBks"
"ChildBks","CookBks","GeogBks"
"DoItYBks","ItalCook"
"ChildBks","GeogBks","ItalCook"
"CookBks","DoItYBks"
"ArtBks","Florence"
"RefBks","Florence"
"CookBks"
"DoItYBks"
"GeogBks"
"ChildBks"
"YouthBks","CookBks","RefBks","ArtBks","GeogBks"
"ChildBks","YouthBks","CookBks","DoItYBks","ArtBks","GeogBks"
"YouthBks","CookBks","DoItYBks"
"ChildBks","YouthBks","CookBks","GeogBks"
"ChildBks"
"GeogBks"
"ChildBks"
"ChildBks","CookBks","DoItYBks"
"CookBks"
"ChildBks","ArtBks"
"DoItYBks","ArtBks","GeogBks","ItalCook"
"ChildBks","DoItYBks","RefBks","GeogBks"
"CookBks"
"YouthBks","CookBks","GeogBks","ItalCook","ItalArt"
"ChildBks","CookBks","DoItYBks"
"ChildBks"
"ChildBks","CookBks","DoItYBks","ArtBks"
"ChildBks","CookBks","DoItYBks"
"ChildBks","CookBks","DoItYBks","RefBks"
"ChildBks","YouthBks","CookBks"
"GeogBks","Florence"
"YouthBks","CookBks","ArtBks","GeogBks","Florence"
"CookBks","GeogBks"
"ChildBks","CookBks","DoItYBks","RefBks","GeogBks","ItalArt","Florence"
"ChildBks","ArtBks"
"CookBks","DoItYBks","ArtBks"
"ArtBks"
"CookBks","DoItYBks"
"CookBks"
"ItalCook"
"ChildBks"
"DoItYBks","RefBks","Florence"
"ChildBks","CookBks","DoItYBks","RefBks"
"Florence"
"ChildBks","YouthBks","CookBks","DoItYBks","ArtBks"
"CookBks","DoItYBks","ArtBks","GeogBks","Florence"
"ChildBks"
"ChildBks","ArtBks","GeogBks","ItalCook"
"ChildBks","YouthBks","CookBks","DoItYBks","RefBks","GeogBks","ItalCook","ItalArt"
"GeogBks"
"ChildBks","YouthBks","DoItYBks"
"ChildBks","CookBks","RefBks","ItalArt"
"ChildBks","YouthBks","CookBks","GeogBks","ItalArt"
"ChildBks","DoItYBks"
"ChildBks","YouthBks","CookBks","RefBks"
"ChildBks","YouthBks","CookBks"
"RefBks"
"ChildBks","CookBks","DoItYBks"
"CookBks"
"CookBks"
"ArtBks"
"YouthBks"
"DoItYBks","ItalArt"
"ChildBks","CookBks","DoItYBks","RefBks","ItalArt"
"CookBks","ItalCook"
"YouthBks"
"ArtBks","GeogBks"
"YouthBks","GeogBks"
"CookBks"
"GeogBks"
"YouthBks","RefBks"
"ChildBks","CookBks","ArtBks"
"ChildBks"
"GeogBks"
"ChildBks","RefBks"
"CookBks"
"DoItYBks","RefBks"
"DoItYBks","RefBks"
"ChildBks","YouthBks","CookBks","RefBks","GeogBks","Florence"
"ChildBks","CookBks","GeogBks"
"ItalCook"
"YouthBks","RefBks"
"RefBks"
"ChildBks","YouthBks","CookBks","DoItYBks","RefBks","GeogBks","Florence"
"CookBks","RefBks"
"YouthBks","ArtBks","Florence"
"ChildBks","YouthBks"
"CookBks","GeogBks","Florence"
"CookBks","GeogBks","ItalArt","Florence"
"ChildBks","ArtBks"
"ChildBks","ArtBks"
"ChildBks","YouthBks","CookBks","DoItYBks"
"ChildBks"
"CookBks","DoItYBks","GeogBks"
"ArtBks"
"ArtBks"
"ChildBks","RefBks","GeogBks","Florence"
"ChildBks","CookBks","DoItYBks","RefBks","GeogBks","Florence"
"ChildBks","CookBks","RefBks"
"CookBks","RefBks"
"YouthBks"
"ChildBks","YouthBks","CookBks","DoItYBks","Florence"
"CookBks"
"ChildBks","YouthBks","CookBks","DoItYBks","ArtBks","Florence"
"ChildBks","CookBks"
"ChildBks","YouthBks","DoItYBks","GeogBks"
"YouthBks","ItalCook"
"DoItYBks","ItalArt"
"ChildBks"
"RefBks","GeogBks","ItalCook"
"ChildBks","YouthBks","CookBks","GeogBks","ItalAtlas"
"ChildBks","YouthBks","CookBks","DoItYBks","RefBks","ItalAtlas"
"ChildBks","YouthBks","DoItYBks","RefBks","GeogBks"
"DoItYBks"
"CookBks","RefBks","ItalCook"
"ChildBks","DoItYBks","GeogBks","ItalCook"
"CookBks","ArtBks"
"ChildBks","CookBks","DoItYBks"
"ChildBks"
"ChildBks","YouthBks","CookBks","RefBks","ItalArt"
"ArtBks"
"ChildBks"
"YouthBks"
"RefBks"
"ArtBks"
"YouthBks","ArtBks"
"ArtBks"
"YouthBks"
"ChildBks","YouthBks","CookBks","RefBks","ArtBks","ItalCook"
"ItalCook"
"DoItYBks","GeogBks","ItalCook"
"CookBks","GeogBks"
"ChildBks","CookBks"
"GeogBks"
"GeogBks"
"GeogBks","ItalCook"
"YouthBks"
"ItalCook","Florence"
"DoItYBks"
"ChildBks","ItalCook"
"ChildBks","ArtBks","ItalCook"
"ChildBks","YouthBks","CookBks","DoItYBks","RefBks","GeogBks","ItalAtlas"
"ChildBks","YouthBks","CookBks","DoItYBks","GeogBks"
"GeogBks","Florence"
"DoItYBks","Florence"
"ChildBks","YouthBks","CookBks","ItalAtlas"
"ArtBks","GeogBks"
"CookBks","DoItYBks","ItalCook"
"ChildBks","ArtBks","GeogBks"
"ChildBks","YouthBks","CookBks","RefBks","Florence"
"YouthBks","GeogBks"
"ChildBks","YouthBks","DoItYBks","GeogBks"
"ChildBks","YouthBks","CookBks","GeogBks","ItalCook"
"ChildBks","YouthBks","CookBks","RefBks","GeogBks","ItalAtlas","Florence"
"ChildBks"
"CookBks"
"ChildBks","YouthBks","CookBks","DoItYBks"
"DoItYBks","ItalCook","ItalArt"
"ChildBks","CookBks","DoItYBks","Florence"
"YouthBks","DoItYBks","GeogBks"
"YouthBks","CookBks"
"ChildBks","YouthBks","CookBks","ArtBks"
"ChildBks","YouthBks","CookBks","DoItYBks","RefBks","GeogBks","ItalAtlas"
"YouthBks","CookBks","DoItYBks"
"CookBks","GeogBks"
"ChildBks","YouthBks","CookBks","RefBks","Florence"
"CookBks","RefBks"
"YouthBks","CookBks","RefBks"
"YouthBks"
"ChildBks","ItalCook"
"ChildBks","CookBks"
"GeogBks"
"ChildBks","CookBks","DoItYBks","RefBks"
"ChildBks","YouthBks","CookBks","DoItYBks","RefBks","GeogBks"
"DoItYBks","RefBks"
"Florence"
"ChildBks"
"ChildBks","YouthBks","CookBks","RefBks"
"YouthBks"
"DoItYBks"
"ChildBks"
"ChildBks","DoItYBks","ItalArt"
"ChildBks"
"CookBks"
"ChildBks","CookBks","DoItYBks"
"ChildBks","YouthBks","CookBks","RefBks","ArtBks"
"GeogBks"
"ChildBks","DoItYBks","GeogBks","ItalArt","Florence"
"ChildBks","CookBks","DoItYBks","Florence"
"YouthBks","CookBks","GeogBks"
"ChildBks","YouthBks","DoItYBks","GeogBks","Florence"
"CookBks","GeogBks"
"ChildBks"
"CookBks","RefBks"
"ChildBks","CookBks"
"CookBks"
"ChildBks","YouthBks","CookBks","DoItYBks","GeogBks","ItalArt"
"CookBks"
"DoItYBks"
"ChildBks"
"ChildBks","CookBks","DoItYBks","RefBks","GeogBks"
"ChildBks","YouthBks","CookBks","DoItYBks","RefBks","ArtBks"
"CookBks"
"YouthBks"
"CookBks"
"ChildBks","YouthBks","DoItYBks","Florence"
"CookBks"
"GeogBks"
"ChildBks","YouthBks","CookBks","RefBks","ArtBks","GeogBks","Florence"
"ChildBks","ArtBks","Florence"
"CookBks","RefBks"
"ChildBks","CookBks","GeogBks","Florence"
"ChildBks","CookBks","RefBks"
"YouthBks","CookBks","DoItYBks","RefBks","GeogBks"
"ChildBks","YouthBks","CookBks","DoItYBks","RefBks","Florence"
"YouthBks","CookBks","DoItYBks","RefBks","GeogBks"
"CookBks","DoItYBks"
"YouthBks","CookBks"
"ChildBks","YouthBks","CookBks","DoItYBks","GeogBks"
"CookBks","ArtBks","GeogBks"
"CookBks","GeogBks"
"ArtBks","GeogBks"
"ArtBks"
"ChildBks","DoItYBks","ArtBks"
"CookBks","ArtBks"
"ChildBks","CookBks","DoItYBks","RefBks","Florence"
"GeogBks","Florence"
"ChildBks"
"ChildBks","GeogBks","ItalCook"
"CookBks","GeogBks"
"ChildBks"
"ChildBks","RefBks","GeogBks"
"YouthBks","CookBks","DoItYBks","RefBks","GeogBks"
"Florence"
"ChildBks","YouthBks","CookBks","RefBks"
"RefBks","ArtBks","Florence"
"ArtBks"
"YouthBks","CookBks","RefBks","ArtBks"
"ArtBks","ItalCook"
"CookBks","GeogBks"
"YouthBks","CookBks","RefBks","ArtBks","ItalCook"
"CookBks","DoItYBks","RefBks","ItalAtlas"
"YouthBks","ArtBks","GeogBks"
"CookBks"
"CookBks","ItalCook"
"YouthBks","GeogBks"
"YouthBks","GeogBks"
"ChildBks","CookBks","DoItYBks"
"DoItYBks"
"ChildBks","RefBks","GeogBks"
"ChildBks","YouthBks","CookBks","DoItYBks","GeogBks","ItalCook"
"YouthBks","CookBks","DoItYBks","RefBks","GeogBks"
"GeogBks"
"RefBks"
"GeogBks"
"ChildBks","CookBks","ArtBks","ItalCook"
"ChildBks"
"CookBks","DoItYBks","RefBks","GeogBks"
"RefBks"
"DoItYBks","GeogBks"
"ChildBks","CookBks","RefBks"
"GeogBks"
"ArtBks","Florence"
"ChildBks","DoItYBks","ArtBks","GeogBks"
"CookBks","DoItYBks","RefBks","ItalAtlas"
"ChildBks","CookBks","GeogBks"
"ItalCook"
"ChildBks","YouthBks","CookBks","DoItYBks","RefBks"
"YouthBks","CookBks","DoItYBks","RefBks"
"CookBks","ArtBks"
"ChildBks","RefBks","ItalArt"
"DoItYBks"
"ChildBks","CookBks","RefBks"
"ChildBks","YouthBks","ItalCook"
"ChildBks","YouthBks","CookBks","DoItYBks"
"ChildBks","CookBks","DoItYBks"
"CookBks","GeogBks"
"ChildBks","GeogBks","ItalCook"
"ChildBks","CookBks","DoItYBks","RefBks"
"ChildBks","ItalCook"
"RefBks","ArtBks","Florence"
"ChildBks","YouthBks","CookBks","DoItYBks","GeogBks","ItalArt"
"CookBks","Florence"
"ChildBks","CookBks","GeogBks","ItalAtlas"
"ChildBks","YouthBks","CookBks","DoItYBks"
"ChildBks"
"ChildBks","CookBks","DoItYBks","RefBks"
"ChildBks"
"CookBks"
"ChildBks","DoItYBks"
"ChildBks","YouthBks","CookBks","DoItYBks","ArtBks"
"YouthBks","CookBks","DoItYBks","GeogBks"
"ChildBks","DoItYBks"
"ChildBks","YouthBks","CookBks","RefBks"
"ChildBks","CookBks","DoItYBks"
"YouthBks"
"CookBks","GeogBks"
"CookBks","ArtBks"
"ArtBks"
"RefBks","GeogBks"
"GeogBks"
"ChildBks","CookBks"
"ChildBks","CookBks","DoItYBks","ItalArt"
"CookBks","GeogBks"
"ArtBks","GeogBks"
"ChildBks","YouthBks","CookBks","ArtBks","GeogBks","ItalAtlas"
"ItalCook"
"GeogBks"
"CookBks"
"ChildBks","Florence"
"ChildBks","YouthBks","DoItYBks","GeogBks","ItalAtlas"
"ChildBks","YouthBks","CookBks","DoItYBks","GeogBks"
"GeogBks"
"CookBks"
"ChildBks","GeogBks"
"YouthBks"
"ArtBks"
"RefBks","ArtBks","ItalCook"
"DoItYBks","RefBks","ArtBks"
"ArtBks"
"ChildBks","CookBks"
"ChildBks","CookBks","DoItYBks","GeogBks"
"ChildBks","YouthBks","GeogBks"
"CookBks","DoItYBks"
"ChildBks","CookBks","GeogBks"
"ArtBks"
"RefBks","GeogBks"
"ArtBks","Florence"
"ChildBks","YouthBks","CookBks","ArtBks"
"ArtBks"
"YouthBks","CookBks","DoItYBks","ArtBks","GeogBks"
"CookBks"
"ChildBks","CookBks"
"YouthBks"
"ChildBks","ArtBks"
"GeogBks","ItalCook"
"ChildBks","YouthBks","CookBks","DoItYBks","RefBks","GeogBks"
"DoItYBks","Florence"
"ChildBks","YouthBks","CookBks","DoItYBks","ItalAtlas"
"ChildBks","YouthBks","CookBks"
"ChildBks","CookBks","DoItYBks","RefBks","ItalCook"
"ChildBks","YouthBks","CookBks","DoItYBks","GeogBks"
"ChildBks"
"CookBks","RefBks","GeogBks"
"CookBks","GeogBks"
"ArtBks","GeogBks"
"YouthBks","CookBks"
"ArtBks"
"ChildBks"
"GeogBks"
"ChildBks","CookBks"
"ChildBks","CookBks","ArtBks","Florence"
"ArtBks","ItalCook","Florence"
"ArtBks"
"ChildBks","RefBks","ArtBks","Florence"
"ChildBks","Florence"
"ChildBks","YouthBks","DoItYBks","GeogBks"
"DoItYBks"
"YouthBks","CookBks"
"Florence"
"ChildBks","CookBks"
"ChildBks","YouthBks"
"YouthBks","GeogBks","Florence"
"Florence"
"ChildBks"
"ChildBks","GeogBks"
"ChildBks","YouthBks","CookBks","DoItYBks","RefBks"
"ChildBks","CookBks","RefBks","GeogBks"
"ChildBks","YouthBks","DoItYBks","GeogBks","ItalArt"
"CookBks","DoItYBks","RefBks","GeogBks"
"YouthBks","GeogBks"
"ChildBks","YouthBks","CookBks","RefBks"
"ChildBks","GeogBks"
"ChildBks","CookBks","ItalCook","ItalArt"
"ChildBks","RefBks"
"CookBks"
"ChildBks"
"ChildBks","YouthBks","CookBks","ItalArt","Florence"
"ChildBks","YouthBks","CookBks","DoItYBks","RefBks","GeogBks"
"YouthBks","RefBks"
"ChildBks","CookBks","DoItYBks","RefBks","GeogBks"
"ChildBks","YouthBks","ArtBks"
"ChildBks","YouthBks","CookBks","DoItYBks","GeogBks"
"DoItYBks","ArtBks"
"ItalCook"
"ChildBks","CookBks","DoItYBks","GeogBks"
"ChildBks"
"GeogBks"
"ChildBks","YouthBks","CookBks","DoItYBks"
"ChildBks","YouthBks","CookBks","ItalArt"
"ChildBks","GeogBks"
"ChildBks"
"ChildBks","YouthBks","CookBks"
"ChildBks","CookBks","DoItYBks","RefBks","ArtBks"
"YouthBks","CookBks","ArtBks"
"CookBks","ItalCook"
"ChildBks","CookBks"
"ItalCook"
"GeogBks"
"CookBks"
"ChildBks","YouthBks","CookBks","GeogBks","ItalAtlas","Florence"
"YouthBks","ArtBks"
"DoItYBks"
"ChildBks","GeogBks"
"GeogBks"
"CookBks"
"CookBks"
"YouthBks","CookBks","GeogBks","ItalCook","Florence"
"ChildBks","YouthBks","CookBks","DoItYBks","RefBks","ItalAtlas"
"DoItYBks"
"CookBks"
"YouthBks","ArtBks"
"ArtBks"
"GeogBks"
"GeogBks"
"ChildBks","YouthBks","CookBks","DoItYBks","RefBks"
"ChildBks","CookBks","RefBks"
"YouthBks","CookBks"
"CookBks","RefBks","GeogBks"
"YouthBks","CookBks","GeogBks"
"ChildBks","DoItYBks","ArtBks","GeogBks"
"ChildBks","YouthBks","CookBks","RefBks","ArtBks","GeogBks","ItalArt"
"CookBks","ArtBks"
"DoItYBks","ArtBks"
"ChildBks","YouthBks","CookBks","DoItYBks","RefBks","ArtBks","GeogBks","ItalAtlas","ItalArt"
"RefBks","ArtBks","ItalArt"
"RefBks","ArtBks"
"CookBks","ArtBks","ItalCook"
"ChildBks","YouthBks","CookBks"
"ArtBks"
"ArtBks"
"ItalCook"
"GeogBks"
"DoItYBks"
"ChildBks","YouthBks","RefBks","ItalAtlas","ItalArt","Florence"
"ChildBks","GeogBks"
"RefBks"
"ChildBks","YouthBks","CookBks","DoItYBks","GeogBks","ItalArt"
"ChildBks","CookBks","ArtBks","GeogBks"
"ChildBks","YouthBks","CookBks"
"RefBks"
"ArtBks","GeogBks"
"ArtBks"
"CookBks","ArtBks","ItalCook"
"ArtBks","ItalCook"
"CookBks","ArtBks","ItalCook"
"YouthBks","CookBks"
"RefBks","GeogBks"
"CookBks","ItalCook"
"YouthBks","CookBks","ItalAtlas","ItalArt"
"YouthBks","ArtBks"
"ChildBks","CookBks","GeogBks"
"ChildBks","YouthBks","CookBks","RefBks","ArtBks","ItalCook"
"CookBks","DoItYBks","ArtBks","GeogBks","ItalCook"
"ChildBks"
"GeogBks"
"CookBks"
"ChildBks","YouthBks","CookBks","RefBks","GeogBks"
"ChildBks","YouthBks","CookBks","DoItYBks","RefBks","ArtBks","GeogBks"
"YouthBks","ArtBks","ItalCook","ItalArt"
"ArtBks"
"DoItYBks","ArtBks"
"CookBks"
"ChildBks","CookBks"
"ChildBks","CookBks","DoItYBks","RefBks","GeogBks"
"ChildBks","DoItYBks","RefBks"
"GeogBks"
"ChildBks","YouthBks","CookBks","DoItYBks","ItalCook"
"ChildBks","YouthBks","CookBks","DoItYBks","RefBks"
"ChildBks","RefBks","GeogBks"
"ArtBks","Florence"
"YouthBks","Florence"
"ChildBks","YouthBks","CookBks","RefBks","ItalCook","ItalArt"
"DoItYBks","ItalCook"
"DoItYBks"
"ChildBks","ArtBks","GeogBks"
"GeogBks"
"ChildBks","CookBks","ItalCook"
"ChildBks","ArtBks"
"ChildBks","ItalCook"
"YouthBks","ItalCook"
"ChildBks","YouthBks","CookBks","DoItYBks","GeogBks"
"DoItYBks","RefBks","ArtBks","ItalCook","ItalArt"
"CookBks","ArtBks","ItalCook"
"ChildBks","YouthBks","CookBks","GeogBks","ItalAtlas"
"GeogBks"
"YouthBks","CookBks","DoItYBks"
"ChildBks","CookBks","DoItYBks"
"ChildBks"
"DoItYBks"
"YouthBks","CookBks","ItalAtlas"
"ArtBks"
"ArtBks"
"ArtBks"
"ArtBks","ItalCook"
"YouthBks","CookBks"
"CookBks","ArtBks","GeogBks"
"ItalCook"
"DoItYBks","ArtBks","GeogBks","Florence"
"ArtBks"
"ChildBks"
"ChildBks","YouthBks","DoItYBks","GeogBks"
"YouthBks","ArtBks"
"ChildBks","CookBks","DoItYBks","RefBks","ArtBks"
"ChildBks"
"ArtBks"
"ArtBks"
"ChildBks","YouthBks","CookBks","DoItYBks","ArtBks","ItalCook"
"ChildBks","CookBks","ArtBks"
"ChildBks","YouthBks","CookBks","RefBks","ArtBks","GeogBks","ItalArt"
"ChildBks","CookBks","DoItYBks"
"ChildBks","RefBks","ArtBks"
"ChildBks","CookBks","DoItYBks","RefBks","ArtBks"
"CookBks","DoItYBks","RefBks","GeogBks","ItalCook"
"DoItYBks","ArtBks"
"ArtBks"
"ChildBks"
"CookBks","RefBks"
"YouthBks","RefBks","ArtBks","GeogBks"
"ChildBks","YouthBks","CookBks","DoItYBks","RefBks"
"ChildBks","YouthBks","CookBks","DoItYBks","GeogBks"
"CookBks","DoItYBks"
"YouthBks","CookBks"
"ChildBks","GeogBks"
"ChildBks","YouthBks","CookBks","RefBks"
"ArtBks"
"GeogBks","Florence"
"ChildBks"
"ChildBks","DoItYBks"
"ChildBks","CookBks","RefBks"
"CookBks","GeogBks"
"ChildBks","YouthBks","CookBks"
"YouthBks","CookBks","RefBks"
"ChildBks"
"ChildBks","CookBks"
"CookBks","DoItYBks","ItalCook"
"ChildBks","YouthBks","CookBks"
"ChildBks","CookBks","RefBks","GeogBks","ItalCook"
"ChildBks","CookBks","GeogBks"
"ChildBks","YouthBks","CookBks","ItalCook"
"ChildBks","Florence"
"ChildBks","CookBks","DoItYBks","RefBks"
"GeogBks"
"Florence"
"GeogBks","Florence"
"ChildBks","YouthBks","CookBks","RefBks"
"YouthBks","CookBks","DoItYBks","ArtBks","GeogBks"
"ChildBks","DoItYBks","RefBks","ArtBks","GeogBks"
"RefBks","ArtBks","GeogBks"
"YouthBks","ArtBks","GeogBks"
"ArtBks"
"YouthBks","ArtBks"
"DoItYBks"
"ChildBks","RefBks"
"ChildBks","YouthBks","CookBks","DoItYBks","RefBks","GeogBks"
"DoItYBks","ArtBks"
"ChildBks","ArtBks"
"ChildBks","YouthBks"
"ChildBks","ArtBks"
"ChildBks","YouthBks","CookBks","RefBks","GeogBks"
"ChildBks"
"ChildBks"
"ChildBks","YouthBks","CookBks","DoItYBks","RefBks","ArtBks","GeogBks"
"ChildBks"
"YouthBks","ArtBks"
"ChildBks","YouthBks","ArtBks"
"ChildBks","CookBks","DoItYBks","RefBks","ArtBks"
"ChildBks","YouthBks","CookBks","ArtBks","ItalAtlas"
"YouthBks"
"ChildBks","YouthBks","DoItYBks","RefBks"
"ChildBks","YouthBks","CookBks","DoItYBks","GeogBks"
"RefBks","ArtBks"
"YouthBks","CookBks","ArtBks"
"ChildBks","CookBks","RefBks"
"ArtBks"
"ChildBks","GeogBks"
"CookBks"
"ChildBks","YouthBks","CookBks","GeogBks"
"ChildBks","RefBks"
"ChildBks","CookBks","DoItYBks","RefBks","GeogBks","ItalAtlas"
"ChildBks","CookBks","ArtBks","GeogBks"
"ArtBks"
"ArtBks","ItalCook"
"ChildBks","CookBks","DoItYBks"
"RefBks"
"GeogBks"
"ChildBks","RefBks","GeogBks"
"ChildBks","YouthBks","CookBks","GeogBks"
"Florence"
"ChildBks","DoItYBks","GeogBks"
"DoItYBks"
"ChildBks","CookBks"
"ChildBks","YouthBks","DoItYBks","RefBks","Florence"
"ChildBks"
"CookBks","GeogBks"
"YouthBks"
"ChildBks","YouthBks","CookBks","GeogBks"
"CookBks"
"DoItYBks","RefBks","GeogBks"
"ChildBks","CookBks"
"CookBks","GeogBks"
"YouthBks","CookBks"
"ChildBks","CookBks","RefBks"
"ArtBks"
"YouthBks","GeogBks"
"ChildBks","YouthBks","CookBks"
"CookBks","Florence"
"DoItYBks","ArtBks","Florence"
"RefBks","Florence"
"RefBks","GeogBks"
"ChildBks","YouthBks","CookBks","RefBks","ItalCook","ItalArt"
"GeogBks"
"DoItYBks","ItalCook"
"RefBks"
"ArtBks"
"ChildBks","YouthBks","CookBks","DoItYBks","RefBks"
"YouthBks","CookBks","DoItYBks","ItalCook","ItalAtlas"
"ChildBks","CookBks","DoItYBks"
"YouthBks","ItalCook"
"ChildBks","YouthBks","CookBks"
"Florence"
"ChildBks","Florence"
"Florence"
"ChildBks","YouthBks","CookBks","DoItYBks","Florence"
"RefBks"
"ChildBks","GeogBks","ItalCook","Florence"
"ItalCook"
"GeogBks"
"ItalCook"
"YouthBks","CookBks","RefBks","ArtBks"
"ChildBks","RefBks","ArtBks"
"ChildBks"
"ChildBks","DoItYBks","RefBks","ArtBks","GeogBks","Florence"
"YouthBks","CookBks"
"CookBks","ArtBks","GeogBks"
"ArtBks","GeogBks"
"YouthBks"
"ChildBks","DoItYBks","Florence"
"ChildBks","DoItYBks","GeogBks","Florence"
"DoItYBks","GeogBks"
"YouthBks","CookBks","DoItYBks","RefBks","ArtBks","GeogBks"
"ChildBks","Florence"
"CookBks","ArtBks","GeogBks"
"YouthBks","DoItYBks"
"ChildBks","YouthBks","CookBks","DoItYBks","ItalAtlas"
"Florence"
"ChildBks","Florence"
"ChildBks","CookBks","DoItYBks","Florence"
"GeogBks"
"ChildBks","CookBks","DoItYBks","Florence"
"ChildBks","YouthBks","CookBks","DoItYBks"
"ChildBks","ArtBks","Florence"
"ArtBks"
"CookBks","ArtBks"
"ChildBks","Florence"
"ChildBks","YouthBks","DoItYBks","RefBks","ArtBks"
"ChildBks","Florence"
"GeogBks"
"YouthBks"
"ChildBks","YouthBks","CookBks","DoItYBks","GeogBks"
"RefBks"
"ChildBks","YouthBks","DoItYBks","ArtBks","GeogBks"
"RefBks","ArtBks"
"CookBks"
"CookBks","ArtBks"
"ChildBks"
"ChildBks"
"ArtBks","GeogBks","ItalCook"
"RefBks","ArtBks"
"ChildBks","YouthBks","ArtBks","GeogBks"
"ChildBks"
"ChildBks"
"YouthBks"
"DoItYBks","GeogBks","ItalCook"
"ChildBks","CookBks","RefBks","GeogBks"
"CookBks","RefBks","GeogBks"
"ChildBks","CookBks","GeogBks"
"ChildBks","YouthBks","CookBks","DoItYBks","RefBks","ItalCook"
"ChildBks","GeogBks"
"ChildBks","YouthBks","CookBks","GeogBks","ItalCook"
"ChildBks","YouthBks","CookBks","GeogBks"
"CookBks"
"ChildBks","DoItYBks","GeogBks"
"ChildBks","DoItYBks","GeogBks"
"CookBks","GeogBks"
"ChildBks","RefBks"
"YouthBks"
"ChildBks","YouthBks","CookBks","DoItYBks","RefBks"
"ItalCook"
"ChildBks","CookBks"
"DoItYBks"
"CookBks","GeogBks"
"CookBks","DoItYBks","GeogBks","ItalCook"
"GeogBks"
"ChildBks","RefBks"
"CookBks","ArtBks"
"RefBks"
"CookBks"
"GeogBks"
"ChildBks","YouthBks","CookBks","DoItYBks","GeogBks"
"ChildBks"
"YouthBks","CookBks","DoItYBks"
"ChildBks","ItalArt"
"ChildBks","CookBks"
"RefBks","GeogBks"
"CookBks"
"RefBks","GeogBks"
"CookBks","ArtBks"
"YouthBks","DoItYBks","RefBks","ItalArt","Florence"
"ChildBks"
"DoItYBks","GeogBks"
"DoItYBks"
"ChildBks"
"ChildBks","DoItYBks"
"CookBks","RefBks","GeogBks"
"CookBks","DoItYBks","RefBks","GeogBks","ItalAtlas"
"ChildBks","CookBks","DoItYBks","RefBks"
"CookBks","DoItYBks"
"CookBks","GeogBks"
"ChildBks","DoItYBks","RefBks"
"CookBks"
"ItalCook"
"YouthBks"
"RefBks","ArtBks"
"YouthBks","CookBks","RefBks","ArtBks","GeogBks"
"ChildBks","YouthBks","CookBks","ItalCook"
"ChildBks","Florence"
"CookBks","RefBks","GeogBks","ItalCook"
"ChildBks","DoItYBks","ItalCook"
"ChildBks","ArtBks","GeogBks","ItalCook","Florence"
"CookBks","DoItYBks","ItalCook"
"ChildBks","CookBks","RefBks"
"YouthBks","DoItYBks","GeogBks"
"ChildBks","DoItYBks"
"ChildBks","CookBks"
"CookBks"
"YouthBks","CookBks","DoItYBks","RefBks","GeogBks"
"ChildBks","YouthBks","CookBks","DoItYBks","RefBks"
"ChildBks","YouthBks","CookBks","DoItYBks","GeogBks"
"ArtBks"
"ChildBks","CookBks","ArtBks"
"ChildBks","ArtBks","GeogBks"
"GeogBks"
"CookBks","ItalCook"
"RefBks","ItalCook"
"CookBks"
"GeogBks","ItalCook"
"DoItYBks","RefBks"
"ChildBks","CookBks","DoItYBks","ArtBks","GeogBks"
"ChildBks","YouthBks","ArtBks"
"CookBks","DoItYBks"
"ChildBks","YouthBks","CookBks","RefBks","ItalArt"
"GeogBks"
"GeogBks"
"CookBks","ArtBks"
"ArtBks"
"ChildBks","CookBks","DoItYBks","ArtBks"
"ChildBks","CookBks","DoItYBks","RefBks","ArtBks"
"ChildBks","CookBks","DoItYBks","RefBks","ArtBks"
"ArtBks","Florence"
"ChildBks","YouthBks","CookBks","DoItYBks","ArtBks"
"YouthBks","ArtBks","GeogBks"
"ChildBks","CookBks","GeogBks"
"ChildBks","YouthBks","DoItYBks"
"ChildBks","CookBks","DoItYBks","RefBks"
"YouthBks"
"CookBks","ArtBks"
"ChildBks","YouthBks","CookBks","RefBks"
"YouthBks"
"ChildBks","CookBks","RefBks"
"YouthBks","ArtBks","GeogBks","Florence"
"ChildBks","CookBks","DoItYBks","ArtBks","GeogBks"
"RefBks","ArtBks"
"YouthBks","CookBks"
"RefBks"
"ChildBks","YouthBks","CookBks","DoItYBks","RefBks","Florence"
"YouthBks","CookBks","DoItYBks","GeogBks"
"ChildBks","DoItYBks","Florence"
"ChildBks","CookBks","RefBks","Florence"
"ChildBks","YouthBks","CookBks","DoItYBks"
"ChildBks","CookBks","DoItYBks"
"ArtBks","GeogBks"
"ChildBks","ArtBks"
"CookBks","DoItYBks","RefBks","ArtBks"
"DoItYBks"
"ArtBks"
"ChildBks","YouthBks","CookBks","RefBks","Florence"
"ChildBks","CookBks","DoItYBks"
"ChildBks","CookBks","DoItYBks"
"GeogBks"
"ChildBks","YouthBks","CookBks","GeogBks"
"DoItYBks"
"CookBks"
"ArtBks"
"ChildBks","YouthBks","DoItYBks","GeogBks"
"ChildBks","CookBks"
"CookBks"
"GeogBks"
"YouthBks","ItalCook"
"ArtBks"
"ChildBks","CookBks","RefBks","ArtBks"
"ChildBks","YouthBks","CookBks","DoItYBks","RefBks","ArtBks"
"ChildBks","CookBks","DoItYBks","RefBks"
"ChildBks","YouthBks","CookBks","DoItYBks","RefBks","GeogBks"
"DoItYBks"
"ItalCook"
"ChildBks","YouthBks","DoItYBks"
"ChildBks","YouthBks","CookBks","DoItYBks","RefBks","GeogBks","ItalCook","ItalArt"
"GeogBks"
"ChildBks","ArtBks"
"CookBks"
"CookBks","ArtBks"
"ChildBks","YouthBks","CookBks","DoItYBks","RefBks","ArtBks","GeogBks","ItalArt"
"GeogBks"
"ChildBks","YouthBks","ItalCook"
"CookBks"
"ChildBks","YouthBks","CookBks","RefBks"
"ChildBks"
"DoItYBks","RefBks","GeogBks","ItalCook"
"CookBks","GeogBks","Florence"
"YouthBks","CookBks"
"YouthBks","CookBks","RefBks"
"ChildBks"
"ChildBks","YouthBks","CookBks","DoItYBks","RefBks","ArtBks","GeogBks","ItalAtlas"
"ChildBks","CookBks","RefBks"
"ChildBks","ArtBks"
"ArtBks","Florence"
"ChildBks","CookBks"
"ChildBks"
"ArtBks","ItalCook"
"ChildBks","CookBks"
"ArtBks"
"GeogBks"
"ArtBks","GeogBks"
"ChildBks","CookBks","RefBks","GeogBks","ItalCook"
"DoItYBks","ItalCook"
"CookBks"
"ChildBks","CookBks","Florence"
"ChildBks"
"ChildBks","CookBks","DoItYBks","RefBks"
"ChildBks","ArtBks"
"ChildBks","YouthBks","CookBks","DoItYBks","RefBks","ArtBks"
"ArtBks","ItalCook"
"CookBks","ArtBks"
"ChildBks","CookBks","GeogBks"
"ChildBks","CookBks","DoItYBks"
"ChildBks","YouthBks","RefBks","ArtBks"
"CookBks","ItalCook"
"ChildBks","CookBks","DoItYBks","GeogBks"
"GeogBks"
"RefBks","ArtBks","GeogBks"
"CookBks"
"YouthBks","ArtBks"
"DoItYBks"
"CookBks","ArtBks","GeogBks"
"CookBks","ArtBks"
"ChildBks","ArtBks"
"YouthBks","CookBks","DoItYBks","GeogBks"
"DoItYBks","ArtBks","GeogBks"
"ChildBks","CookBks","RefBks","ArtBks"
"ChildBks","DoItYBks","ArtBks"
"ChildBks"
"RefBks"
"ChildBks","CookBks","DoItYBks","RefBks","GeogBks"
"ChildBks"
"DoItYBks"
"CookBks","ArtBks","GeogBks"
"ChildBks","YouthBks","DoItYBks","RefBks","ArtBks"
"CookBks"
"CookBks","ArtBks","ItalCook"
"ChildBks","GeogBks"
"DoItYBks","ArtBks","GeogBks"
"ChildBks","CookBks"
"ArtBks","GeogBks","ItalCook"
"ArtBks"
"YouthBks","ArtBks","ItalCook"
"ChildBks","YouthBks","CookBks","DoItYBks","RefBks"
"YouthBks","CookBks"
"CookBks","GeogBks"
"ChildBks","GeogBks"
"CookBks","RefBks"
"ChildBks"
"YouthBks","ItalAtlas"
"CookBks","ItalCook","Florence"
"ArtBks","GeogBks"
"ItalCook","Florence"
"ChildBks","YouthBks","CookBks","DoItYBks","ItalArt"
"ChildBks","YouthBks","CookBks","DoItYBks","RefBks","GeogBks","ItalCook"
"ChildBks","CookBks"
"ArtBks","ItalCook"
"ChildBks","DoItYBks"
"ChildBks"
"ArtBks","ItalCook","Florence"
"YouthBks","CookBks","RefBks","ItalCook","ItalAtlas","Florence"
"ChildBks","ItalCook"
"DoItYBks"
"CookBks"
"ChildBks","ItalArt"
"CookBks","ArtBks"
"GeogBks"
"ChildBks","CookBks","DoItYBks","RefBks"
"GeogBks"
"CookBks","DoItYBks","ItalAtlas"
"ChildBks"
"CookBks","ItalCook"
"ChildBks","CookBks","DoItYBks"
"CookBks","RefBks","GeogBks"
"ItalCook"
"ArtBks"
"ChildBks","CookBks"
"DoItYBks"
"ChildBks","YouthBks","CookBks","DoItYBks","GeogBks","ItalAtlas"
"ChildBks","YouthBks","CookBks"
"DoItYBks","ArtBks","GeogBks"
"CookBks","DoItYBks","ItalAtlas"
"ChildBks"
"CookBks","RefBks","GeogBks"
"ChildBks","YouthBks","CookBks","ArtBks","GeogBks"
"ArtBks","Florence"
"CookBks","Florence"
"GeogBks"
"GeogBks"
"ChildBks","YouthBks","DoItYBks"
"ChildBks","CookBks","RefBks","ArtBks","GeogBks","Florence"
"ChildBks","YouthBks","CookBks","DoItYBks","RefBks","GeogBks"
"ChildBks","RefBks","GeogBks"
"CookBks"
"CookBks"
"GeogBks"
"RefBks","ArtBks","GeogBks","ItalArt"
"ChildBks","ArtBks"
"DoItYBks","ArtBks"
"RefBks"
"ArtBks","GeogBks"
"ChildBks","RefBks","GeogBks"
"CookBks","Florence"
"YouthBks","CookBks","DoItYBks","RefBks","GeogBks","ItalCook"
"ChildBks","DoItYBks"
"CookBks","ArtBks"
"ChildBks","YouthBks","CookBks","DoItYBks","Florence"
"ChildBks","CookBks","DoItYBks","ArtBks","GeogBks","Florence"
"ChildBks","ItalCook"
"ItalCook"
"ChildBks","YouthBks","CookBks","DoItYBks"
"DoItYBks"
"ChildBks","YouthBks"
"ChildBks","YouthBks","GeogBks"
"ChildBks","YouthBks","CookBks","DoItYBks","RefBks","ItalArt"
"RefBks","GeogBks"
"ChildBks","YouthBks","DoItYBks","GeogBks","Florence"
"CookBks","ItalCook"
"CookBks","RefBks","GeogBks"
"CookBks","ArtBks","ItalAtlas"
"ChildBks","CookBks","DoItYBks","ArtBks","GeogBks"
"YouthBks","GeogBks","ItalCook"
"ChildBks","YouthBks","CookBks","GeogBks","ItalCook","Florence"
"GeogBks"
"ChildBks","YouthBks","CookBks","DoItYBks","RefBks"
"YouthBks","CookBks","DoItYBks","ArtBks"
"ItalCook","ItalAtlas"
"ChildBks","YouthBks","CookBks","RefBks","GeogBks"
"DoItYBks","RefBks","ItalArt"
"ArtBks"
"ChildBks","YouthBks","CookBks","ArtBks"
"ChildBks","YouthBks","CookBks"
"CookBks","ArtBks"
"ChildBks","CookBks","DoItYBks","RefBks","GeogBks","ItalAtlas"
"ChildBks","DoItYBks","ArtBks"
"ArtBks"
"ChildBks","CookBks","DoItYBks","RefBks","GeogBks"
"ChildBks","YouthBks","DoItYBks","RefBks","GeogBks"
"YouthBks","CookBks"
"ChildBks","CookBks"
"ChildBks","CookBks"
"ChildBks","CookBks","RefBks"
"ArtBks"
"ArtBks"
"YouthBks","CookBks","RefBks","ItalArt"
"ChildBks","ItalArt","Florence"
"ChildBks","YouthBks","CookBks","DoItYBks","RefBks"
"GeogBks"
"ChildBks","CookBks","DoItYBks","RefBks","ArtBks","GeogBks","ItalCook"
"ChildBks","ArtBks","GeogBks","ItalCook"
"ChildBks"
"ChildBks","YouthBks","CookBks","DoItYBks","GeogBks","ItalCook"
"ChildBks","CookBks","RefBks","GeogBks","Florence"
"RefBks","GeogBks"
"ChildBks","ArtBks"
"YouthBks"
"CookBks","GeogBks"
"YouthBks","DoItYBks","ItalArt"
"ChildBks","YouthBks","CookBks","DoItYBks","RefBks","ItalAtlas"
"ChildBks","YouthBks","CookBks","GeogBks"
"YouthBks","CookBks","DoItYBks","RefBks"
"ChildBks","DoItYBks"
"ChildBks","CookBks","DoItYBks"
"YouthBks","CookBks","GeogBks"
"YouthBks","DoItYBks","ItalCook"
"ItalCook"
"ArtBks"
"ChildBks","CookBks","DoItYBks","ItalAtlas"
"ArtBks","ItalCook"
"ChildBks","DoItYBks","ArtBks"
"ChildBks","CookBks","DoItYBks","RefBks","ArtBks","ItalCook"
"ArtBks","GeogBks"
"GeogBks","Florence"
"ChildBks","CookBks","ArtBks"
"ChildBks","CookBks","DoItYBks","RefBks","ArtBks"
"Florence"
"ChildBks","YouthBks","DoItYBks"
"ChildBks","YouthBks","GeogBks","Florence"
"DoItYBks"
"ChildBks","CookBks","DoItYBks","RefBks","GeogBks","ItalAtlas","ItalArt"
"GeogBks"
"Florence"
"YouthBks","CookBks","Florence"
"ChildBks","RefBks","GeogBks"
"YouthBks"
"ChildBks","YouthBks","CookBks","DoItYBks","RefBks","ItalCook","ItalAtlas"
"ChildBks"
"GeogBks"
"ChildBks","DoItYBks"
"RefBks","GeogBks","ItalCook"
"CookBks","DoItYBks","RefBks"
"ItalCook"
"ChildBks","CookBks","RefBks","GeogBks","ItalAtlas"
"ItalCook"
"ChildBks","CookBks","DoItYBks","ItalCook"
"YouthBks","CookBks","DoItYBks","RefBks","ArtBks","GeogBks"
"YouthBks","ArtBks"
"CookBks"
"GeogBks"
"CookBks","RefBks","ArtBks","GeogBks","ItalAtlas"
"CookBks","RefBks","GeogBks"
"ArtBks"
"ChildBks","YouthBks","CookBks","DoItYBks","ItalArt"
"ChildBks","YouthBks","CookBks","DoItYBks","RefBks","GeogBks","ItalArt"
"ChildBks","CookBks","DoItYBks","GeogBks","ItalCook"
"ChildBks","ArtBks","ItalCook"
"ChildBks","YouthBks","CookBks","DoItYBks","ArtBks","GeogBks"
"ChildBks","GeogBks"
"ChildBks","YouthBks","CookBks","DoItYBks"
"ChildBks","CookBks","DoItYBks","GeogBks"
"ChildBks","YouthBks","CookBks","RefBks","ItalAtlas"
"GeogBks","Florence"
"YouthBks","CookBks","ArtBks","GeogBks"
"CookBks","ArtBks"
"YouthBks","DoItYBks","GeogBks","ItalCook"
"ChildBks","CookBks","DoItYBks","ArtBks","ItalCook"
"ItalCook"
"ChildBks","GeogBks"
"ChildBks","CookBks","RefBks","GeogBks"
"ChildBks","YouthBks","CookBks","RefBks","ItalCook"
"ChildBks","RefBks"
"DoItYBks"
"CookBks","GeogBks"
"ChildBks","YouthBks","CookBks"
"YouthBks","ArtBks"
"ArtBks","ItalCook"
"ChildBks","CookBks","ArtBks"
"ChildBks","ArtBks"
"CookBks","DoItYBks","RefBks","GeogBks"
"CookBks"
"GeogBks"
"GeogBks"
"GeogBks"
"ArtBks"
"ChildBks","Florence"
"DoItYBks"
"ChildBks","YouthBks","CookBks","DoItYBks","GeogBks"
"RefBks","ArtBks"
"ChildBks","YouthBks","CookBks","DoItYBks","GeogBks","Florence"
"ChildBks","DoItYBks","ArtBks","ItalArt","Florence"
"ArtBks"
"ChildBks","YouthBks","CookBks","DoItYBks"
"ChildBks","ItalArt"
"ChildBks","CookBks","DoItYBks","RefBks","ItalAtlas"
"ArtBks"
"YouthBks","CookBks","RefBks","ItalCook"
"ChildBks","CookBks"
"ArtBks"
"YouthBks","GeogBks"
"ChildBks","YouthBks"
"GeogBks"
"ChildBks","CookBks"
"ArtBks"
"ChildBks"
"ItalCook"
"ChildBks","CookBks"
"DoItYBks","ArtBks"
"ChildBks","CookBks","DoItYBks","GeogBks","ItalCook"
"YouthBks","CookBks"
"ChildBks","CookBks","GeogBks","ItalAtlas"
"CookBks","DoItYBks"
"ChildBks"
"ChildBks","ItalCook","ItalArt"
"YouthBks","CookBks","DoItYBks"
"ChildBks","CookBks","DoItYBks","ArtBks","ItalCook"
"GeogBks"
"ChildBks","CookBks","ItalCook"
"YouthBks","DoItYBks","GeogBks"
"CookBks"
"YouthBks"
"ChildBks","YouthBks","RefBks","GeogBks","ItalCook"
"GeogBks"
"YouthBks","CookBks","DoItYBks","RefBks","GeogBks"
"DoItYBks","RefBks","GeogBks"
"ChildBks","YouthBks","CookBks","DoItYBks"
"ChildBks","CookBks","ArtBks","GeogBks"
"ChildBks","CookBks","ArtBks","GeogBks"
"ChildBks","ArtBks"
"ChildBks","CookBks","RefBks","GeogBks","ItalArt"
"ChildBks","GeogBks"
"RefBks"
"RefBks","Florence"
"ChildBks","CookBks","RefBks","Florence"
"ChildBks","YouthBks","CookBks","DoItYBks","RefBks"
"ChildBks","DoItYBks"
"ChildBks","ArtBks","Florence"
"CookBks","DoItYBks","RefBks","ArtBks"
"ChildBks","YouthBks","DoItYBks","ArtBks","GeogBks","Florence"
"ArtBks"
"GeogBks"
"ChildBks","YouthBks","CookBks","RefBks"
"CookBks","DoItYBks","RefBks"
"YouthBks","RefBks"
"ChildBks","CookBks"
"ChildBks","CookBks","RefBks","GeogBks","ItalCook"
"RefBks","GeogBks"
"ChildBks","CookBks","DoItYBks","GeogBks"
"ArtBks","GeogBks"
"CookBks","ArtBks"
"DoItYBks","ArtBks","GeogBks","ItalCook","ItalArt"
"DoItYBks","ArtBks"
"ChildBks"
"ChildBks","YouthBks","CookBks","DoItYBks","GeogBks","ItalAtlas"
"ChildBks","CookBks","DoItYBks","RefBks","ArtBks","ItalAtlas","ItalArt"
"ChildBks","YouthBks","CookBks","RefBks","GeogBks"
"ChildBks"
"Florence"
"ChildBks","RefBks","GeogBks"
"YouthBks","ArtBks"
"CookBks","DoItYBks","GeogBks"
"ArtBks","ItalCook"
"ChildBks","CookBks","ArtBks"
"YouthBks","ArtBks"
"DoItYBks"
"YouthBks","CookBks","RefBks"
"GeogBks"
"CookBks","GeogBks"
"CookBks","GeogBks"
"ChildBks","YouthBks","ArtBks","GeogBks"
"CookBks"
"YouthBks","CookBks","ArtBks"
"CookBks","ArtBks"
"ChildBks","DoItYBks","RefBks","GeogBks"
"ChildBks"
"RefBks","ArtBks"
"CookBks","DoItYBks","RefBks"
"CookBks"
"ChildBks"
"ChildBks","CookBks","DoItYBks","RefBks","GeogBks","ItalAtlas"
"CookBks","DoItYBks"
"CookBks","DoItYBks","RefBks","Florence"
"CookBks"
"ChildBks","DoItYBks","GeogBks"
"YouthBks"
"DoItYBks","RefBks"
"ChildBks","CookBks","ItalCook","ItalArt"
"YouthBks","CookBks","RefBks"
"ChildBks","YouthBks","CookBks"
"CookBks","ArtBks","ItalCook"
"ChildBks","ArtBks"
"ChildBks","CookBks","DoItYBks","RefBks","GeogBks","ItalCook"
"ChildBks","CookBks","RefBks","ItalCook","ItalArt"
"ArtBks"
"ChildBks","YouthBks","CookBks","DoItYBks","ArtBks"
"ChildBks"
"ChildBks","CookBks","DoItYBks"
"ChildBks","YouthBks","CookBks","DoItYBks"
"ChildBks","CookBks","RefBks"
"YouthBks"
"ChildBks","YouthBks","CookBks","GeogBks"
"ChildBks"
"CookBks"
"ChildBks","GeogBks","ItalCook"
"ChildBks","CookBks"
"ChildBks","ArtBks","GeogBks"
"GeogBks"
"ChildBks","DoItYBks","ArtBks"
"ChildBks","CookBks"
"ChildBks","CookBks","GeogBks"
"DoItYBks","GeogBks"
"ChildBks","YouthBks","CookBks","RefBks"
"ChildBks"
"ChildBks","GeogBks"
"ArtBks"
"ChildBks","YouthBks","CookBks","DoItYBks","RefBks"
"ChildBks"
"ChildBks","CookBks","DoItYBks","RefBks"
"ChildBks","YouthBks","CookBks","GeogBks"
"CookBks","ItalCook"
"GeogBks"
"YouthBks","CookBks"
"ArtBks","Florence"
"ChildBks","CookBks","DoItYBks","RefBks"
"DoItYBks","GeogBks","Florence"
"ChildBks","YouthBks","CookBks","RefBks","GeogBks","ItalAtlas"
"CookBks","DoItYBks"
"GeogBks"
"ChildBks"
"ChildBks","RefBks"
"DoItYBks","Florence"
"ArtBks"
"CookBks","DoItYBks","RefBks","ArtBks","GeogBks"
"DoItYBks","ArtBks"
"ChildBks","CookBks","DoItYBks","ArtBks","ItalArt"
"ChildBks","YouthBks","CookBks","DoItYBks","RefBks","ArtBks","Florence"
"DoItYBks","ItalCook"
"YouthBks","CookBks","GeogBks"
"ChildBks","CookBks","DoItYBks","GeogBks","ItalCook","ItalAtlas","ItalArt"
"CookBks","GeogBks"
"CookBks","ArtBks"
"ChildBks"
"RefBks","GeogBks"
"ChildBks","YouthBks","CookBks","DoItYBks"
"ItalCook"
"RefBks","GeogBks"
"YouthBks","GeogBks"
"YouthBks","CookBks","DoItYBks","RefBks","GeogBks"
"CookBks","RefBks"
"DoItYBks","GeogBks"
"ChildBks","YouthBks","CookBks","RefBks","GeogBks"
"CookBks","RefBks"
"ChildBks","CookBks","DoItYBks","GeogBks","ItalArt"
"GeogBks","Florence"
"ChildBks","CookBks","DoItYBks","RefBks","ItalArt"
"ChildBks","YouthBks","CookBks"
"ChildBks","CookBks","ArtBks"
"YouthBks","CookBks","GeogBks"
"ChildBks"
"ChildBks","CookBks","RefBks"
"DoItYBks"
"CookBks","DoItYBks","RefBks"
"DoItYBks"
"ChildBks","CookBks","GeogBks"
"ChildBks","DoItYBks","RefBks"
"CookBks","ArtBks"
"CookBks"
"ChildBks","CookBks"
"ChildBks"
"CookBks"
"ChildBks","CookBks","RefBks","GeogBks"
"YouthBks","GeogBks"
"ItalCook"
"RefBks"
"ItalCook"
"CookBks"
"Florence"
"Florence"
"ChildBks","CookBks","DoItYBks"
"GeogBks"
"DoItYBks"
"ArtBks"
"CookBks","ItalCook"
"GeogBks"
"YouthBks","CookBks","RefBks","ArtBks"
"YouthBks","CookBks","DoItYBks","GeogBks","ItalArt"
"ChildBks"
"ChildBks","YouthBks","CookBks","DoItYBks","RefBks","ArtBks","GeogBks"
"YouthBks"
"ChildBks","YouthBks","CookBks","DoItYBks","ItalArt"
"RefBks","ArtBks"
"ArtBks"
"CookBks"
"CookBks"
"ChildBks","YouthBks","DoItYBks","RefBks","GeogBks"
"CookBks","GeogBks"
"RefBks"
"ChildBks","CookBks","DoItYBks"
"CookBks","DoItYBks"
"ChildBks","YouthBks","CookBks","DoItYBks"
"ChildBks","YouthBks"
"CookBks"
"Florence"
"ChildBks","YouthBks","CookBks","GeogBks"
"ChildBks","CookBks","DoItYBks","RefBks"
"ChildBks"
"ChildBks","YouthBks","CookBks","DoItYBks","RefBks","GeogBks"
"CookBks"
"ChildBks","YouthBks","CookBks","RefBks","GeogBks"
"YouthBks"
"ChildBks","YouthBks","CookBks","DoItYBks"
"ChildBks","CookBks","DoItYBks"
"GeogBks"
"CookBks"
"ChildBks","YouthBks","DoItYBks"
"ArtBks"
"ChildBks","YouthBks","CookBks","DoItYBks","ItalAtlas"
"ChildBks","YouthBks","CookBks","DoItYBks","ArtBks"
"ArtBks","GeogBks","Florence"
"CookBks","Florence"
"ChildBks","YouthBks","CookBks","GeogBks"
"CookBks"
"RefBks"
"GeogBks"
"ChildBks","YouthBks","CookBks","RefBks"
"YouthBks","CookBks"
"CookBks","GeogBks"
"ChildBks","YouthBks","CookBks","DoItYBks","RefBks"
"ChildBks","YouthBks","CookBks","DoItYBks","RefBks","ArtBks"
"ChildBks","YouthBks","RefBks"
"ChildBks","CookBks","RefBks"
"YouthBks"
"YouthBks","ArtBks"
"ChildBks","ArtBks"
"RefBks","ItalCook"
"CookBks","ItalCook"
"ChildBks","ItalCook"
"ArtBks"
"ChildBks","YouthBks","CookBks","DoItYBks","RefBks","ArtBks","GeogBks"
"ChildBks","ItalCook"
"ChildBks","CookBks","DoItYBks"
"ChildBks","YouthBks","CookBks","DoItYBks","GeogBks"
"GeogBks","ItalCook"
"ChildBks","ItalArt"
"YouthBks","GeogBks"
"CookBks","DoItYBks","GeogBks"
"GeogBks"
"YouthBks","CookBks","DoItYBks","RefBks","GeogBks"
"ChildBks","YouthBks","CookBks","DoItYBks"
"ChildBks"
"ChildBks","DoItYBks"
"ArtBks"
"ChildBks","Florence"
"DoItYBks","ArtBks"
"ArtBks"
"CookBks","ArtBks","Florence"
"Florence"
"RefBks","Florence"
"ChildBks","ItalCook"
"YouthBks","GeogBks"
"CookBks","ArtBks","GeogBks","ItalCook"
"ChildBks","YouthBks","CookBks","RefBks","ArtBks","GeogBks","ItalCook","ItalArt"
"ChildBks","CookBks","DoItYBks"
"YouthBks"
"ChildBks","DoItYBks","GeogBks","ItalCook"
"ChildBks","CookBks","DoItYBks","RefBks","ItalCook"
"CookBks"
"CookBks"
"ChildBks","CookBks","DoItYBks","RefBks","ItalArt"
"YouthBks","GeogBks"
"ChildBks","YouthBks","CookBks"
"ChildBks","CookBks","GeogBks"
"ChildBks"
"ChildBks","CookBks","RefBks","GeogBks","ItalCook","ItalArt"
"ChildBks","YouthBks","CookBks","DoItYBks"
"ArtBks"
"ChildBks","YouthBks","CookBks","ItalCook"
"ChildBks","YouthBks","DoItYBks"
"ChildBks"
"CookBks","ArtBks"
"CookBks","ArtBks","ItalCook","ItalArt"
"ChildBks","CookBks","DoItYBks","RefBks","ArtBks","GeogBks","ItalArt"
"ChildBks","CookBks","ItalCook","ItalArt"
"ChildBks","YouthBks","CookBks","RefBks","GeogBks"
"ItalCook"
"YouthBks","CookBks","RefBks"
"ArtBks"
"ChildBks","YouthBks","DoItYBks"
"ChildBks","DoItYBks","ArtBks","ItalArt"
"ArtBks"
"CookBks","RefBks","ArtBks"
"CookBks","ArtBks"
"RefBks","ArtBks","GeogBks"
"ChildBks","GeogBks"
"ChildBks","CookBks","DoItYBks","RefBks","GeogBks"
"CookBks"
"ChildBks","CookBks"
"ChildBks","YouthBks","CookBks","DoItYBks","GeogBks"
"ItalCook"
"ChildBks","CookBks"
"ChildBks","YouthBks","CookBks"
"DoItYBks","ArtBks"
"YouthBks","CookBks","DoItYBks","RefBks"
"ChildBks","CookBks","DoItYBks","RefBks","GeogBks"
"ChildBks","YouthBks","CookBks","DoItYBks","RefBks"
"ChildBks","CookBks","DoItYBks"
"ArtBks"
"ChildBks","YouthBks","CookBks","DoItYBks"
"CookBks","GeogBks"
"ChildBks","YouthBks","CookBks","DoItYBks"
"ChildBks","YouthBks","CookBks"
"ChildBks","YouthBks"
"ArtBks"
"CookBks","ItalArt"
"GeogBks"
"GeogBks"
"ArtBks","GeogBks"
"GeogBks"
"ArtBks","GeogBks"
"ChildBks","RefBks","ArtBks","GeogBks","ItalArt"
"CookBks","DoItYBks","RefBks","ArtBks"
"DoItYBks","ArtBks"
"ArtBks"
"ArtBks"
"ChildBks","DoItYBks","RefBks","ArtBks","ItalCook"
"YouthBks","GeogBks"
"ChildBks","YouthBks","CookBks","DoItYBks"
"ArtBks"
"ChildBks","CookBks","GeogBks"
"Florence"
"YouthBks","CookBks","GeogBks"
"CookBks","ArtBks","ItalArt"
"YouthBks","CookBks","ArtBks"
"ArtBks"
"YouthBks","RefBks"
"GeogBks"
"ChildBks","CookBks","DoItYBks","RefBks"
"DoItYBks","ArtBks"
"ChildBks","YouthBks","CookBks","GeogBks","ItalAtlas"
"DoItYBks","GeogBks"
"CookBks","GeogBks"
"CookBks"
"ChildBks"
"ChildBks","CookBks","DoItYBks","ItalAtlas"
"ItalCook"
"ChildBks","RefBks"
"YouthBks","CookBks"
"ChildBks","ArtBks","GeogBks"
"ChildBks","YouthBks"
"ChildBks","CookBks","DoItYBks","ArtBks","GeogBks","ItalArt"
"ChildBks","CookBks","RefBks"
"ChildBks","YouthBks","CookBks","DoItYBks","ArtBks","GeogBks"
"ItalCook"
"ChildBks","YouthBks","CookBks","GeogBks"
"ChildBks","DoItYBks"
"ChildBks","DoItYBks","ItalCook"
"YouthBks"
"YouthBks","CookBks","DoItYBks"
"ChildBks","CookBks"
"CookBks","GeogBks"
"ChildBks","CookBks","DoItYBks","RefBks"
"CookBks"
"GeogBks"
"ArtBks"
"CookBks","DoItYBks"
"ChildBks","YouthBks","CookBks"
"ChildBks","CookBks","GeogBks","ItalCook"
"ChildBks","RefBks"
"ChildBks","ItalCook"
"DoItYBks","GeogBks"
"ChildBks","YouthBks","CookBks","DoItYBks","ArtBks","GeogBks"
"ChildBks","YouthBks","GeogBks"
"ChildBks","CookBks","DoItYBks","RefBks","GeogBks"
"RefBks"
"CookBks","Florence"
"ChildBks","CookBks"
"ArtBks"
"CookBks"
"CookBks","ArtBks","GeogBks"
"ChildBks","CookBks","RefBks","GeogBks"
"CookBks","Florence"
"ArtBks","Florence"
"DoItYBks","Florence"
"ChildBks","CookBks","DoItYBks","RefBks","ItalCook"
"ChildBks","YouthBks","CookBks","RefBks","GeogBks","ItalCook"
"ChildBks"
"ChildBks","YouthBks","CookBks","DoItYBks","RefBks","GeogBks","ItalArt"
"ChildBks"
"ChildBks","CookBks","DoItYBks","RefBks","GeogBks"
"CookBks","RefBks"
"ChildBks","RefBks"
"ChildBks","YouthBks","CookBks","DoItYBks","ArtBks","GeogBks","ItalArt"
"ArtBks"
"DoItYBks","ArtBks"
"ChildBks","YouthBks","CookBks","ArtBks","ItalAtlas"
"ChildBks","ArtBks","GeogBks"
"ArtBks","GeogBks"
"ChildBks"
"ChildBks","ArtBks"
"CookBks","DoItYBks","ItalCook"
"ChildBks","DoItYBks","ArtBks","ItalCook"
"DoItYBks"
"ChildBks","YouthBks","CookBks","GeogBks"
"ChildBks","CookBks","DoItYBks","RefBks","GeogBks","ItalAtlas"
"ItalCook"
"ArtBks"
"ChildBks","CookBks"
"GeogBks"
"ArtBks"
"ChildBks","ArtBks"
"GeogBks"
"ChildBks","YouthBks","CookBks","ArtBks","GeogBks"
"ItalCook"
"YouthBks"
"ItalCook"
"ChildBks"
"CookBks","DoItYBks","RefBks","ItalArt"
"ChildBks","CookBks","ItalCook"
"CookBks","DoItYBks","ArtBks"
"ChildBks","YouthBks","CookBks","ArtBks","GeogBks","ItalCook","ItalArt"
"DoItYBks","ArtBks"
"ItalCook"
"ChildBks","GeogBks"
"ArtBks"
"ArtBks"
"ItalCook"
"YouthBks","RefBks","ArtBks","ItalCook"
"ArtBks","GeogBks"
"ArtBks","GeogBks"
"ChildBks","CookBks","DoItYBks","RefBks","GeogBks"
"ChildBks"
"YouthBks","CookBks","DoItYBks","GeogBks","ItalAtlas"
"CookBks"
"ChildBks","YouthBks"
"CookBks","ArtBks"
"ChildBks","YouthBks","CookBks","DoItYBks","RefBks","GeogBks","ItalArt"
"ChildBks","GeogBks"
"Florence"
"CookBks","DoItYBks"
"ArtBks"
"CookBks","GeogBks"
"ArtBks"
"YouthBks"
"DoItYBks"
"GeogBks"
"ChildBks"
"CookBks","RefBks"
"ChildBks","GeogBks","ItalCook"
"ChildBks","CookBks","DoItYBks","RefBks","ArtBks","GeogBks","ItalAtlas"
"ArtBks"
"ChildBks","ArtBks"
"ArtBks"
"ArtBks","GeogBks"
"ChildBks","CookBks"
"YouthBks","GeogBks"
"ArtBks"
"CookBks","RefBks","ArtBks","GeogBks"
"DoItYBks"
"ChildBks"
"CookBks","DoItYBks"
"CookBks","DoItYBks"
"GeogBks"
"ArtBks"
"CookBks"
"DoItYBks"
"ChildBks","YouthBks","CookBks","DoItYBks","ItalCook","ItalArt"
"ChildBks","YouthBks","CookBks"
"ChildBks","CookBks","DoItYBks","GeogBks","ItalArt"
"CookBks","ArtBks"
"CookBks","GeogBks"
"ItalCook"
"YouthBks","DoItYBks","GeogBks"
"ChildBks","CookBks","ItalCook"
"ChildBks","CookBks"
"ArtBks"
"ChildBks","YouthBks","CookBks","DoItYBks","RefBks"
"ArtBks"
"ArtBks"
"YouthBks","ArtBks"
"ChildBks","YouthBks","CookBks","DoItYBks","ItalAtlas"
"CookBks"
"ChildBks","YouthBks","CookBks","DoItYBks","RefBks","GeogBks","ItalAtlas"
"ChildBks","YouthBks","CookBks","DoItYBks","GeogBks"
"ChildBks"
"ChildBks","CookBks","GeogBks"
"CookBks"
"CookBks"
"ChildBks","CookBks","DoItYBks","GeogBks","ItalAtlas"
"GeogBks"
"RefBks"
"DoItYBks"
"GeogBks"
"ChildBks","ItalCook"
"ArtBks","Florence"
"Florence"
"CookBks","Florence"
"Florence"
"ChildBks"
"ChildBks"
"ChildBks","CookBks","DoItYBks","RefBks","GeogBks"
"ChildBks"
"YouthBks","CookBks","ItalArt"
"ChildBks","DoItYBks","ItalCook"
"CookBks","ArtBks"
"ChildBks","YouthBks","CookBks","RefBks"
"GeogBks"
"ChildBks","YouthBks","ItalAtlas","ItalArt"
"CookBks"
"ChildBks","YouthBks","CookBks","RefBks","GeogBks","ItalAtlas"
"CookBks","GeogBks"
"ChildBks","YouthBks","CookBks"
"ChildBks","YouthBks","CookBks","DoItYBks"
"ItalCook"
"ChildBks","CookBks","Florence"
"ChildBks","CookBks","DoItYBks","ArtBks","GeogBks","ItalAtlas","Florence"
"ChildBks","Florence"
"ChildBks","YouthBks","CookBks","DoItYBks","ArtBks","ItalCook","ItalAtlas"
"ArtBks","ItalCook","Florence"
"DoItYBks","RefBks","ArtBks","GeogBks","Florence"
"ChildBks","YouthBks","DoItYBks","ArtBks"
"YouthBks","CookBks","DoItYBks","Florence"
"ChildBks","DoItYBks","RefBks"
"Florence"
"ChildBks","YouthBks","CookBks","RefBks"
"CookBks","GeogBks"
"CookBks","DoItYBks"
"ChildBks","CookBks"
"YouthBks"
"ChildBks","CookBks","ArtBks"
"CookBks","RefBks"
"ChildBks","YouthBks","CookBks","DoItYBks"
"ChildBks","CookBks","DoItYBks","GeogBks"
"ArtBks"
"DoItYBks","RefBks"
"YouthBks","RefBks"
"YouthBks","CookBks","DoItYBks"
"ChildBks"
"ChildBks"
"Florence"
"ChildBks","CookBks"
"ChildBks","YouthBks","CookBks","DoItYBks","GeogBks"
"CookBks","DoItYBks","ArtBks"
"CookBks","ArtBks"
"ChildBks","RefBks","ArtBks","GeogBks"
"CookBks","GeogBks"
"CookBks","GeogBks"
"ChildBks","ItalCook"
"RefBks"
"ChildBks","YouthBks","CookBks","DoItYBks"
"DoItYBks","RefBks"
"DoItYBks"
"ChildBks","YouthBks","DoItYBks","GeogBks"
"ChildBks","YouthBks","CookBks","DoItYBks","RefBks","ArtBks"
"CookBks","DoItYBks","GeogBks","ItalCook","Florence"
"ChildBks","ItalCook"
"RefBks","Florence"
"YouthBks","Florence"
"ChildBks","CookBks"
"YouthBks","GeogBks"
"GeogBks"
"CookBks","DoItYBks","RefBks"
"ChildBks","CookBks","DoItYBks","RefBks","ArtBks"
"ChildBks","YouthBks","CookBks","GeogBks"
"DoItYBks"
"ChildBks","CookBks"
"YouthBks","RefBks"
"ChildBks"
"ArtBks"
"ChildBks"
"CookBks","DoItYBks","GeogBks"
"ChildBks","YouthBks","CookBks","DoItYBks","RefBks","ArtBks"
"ArtBks"
"CookBks","DoItYBks","GeogBks"
"ChildBks","DoItYBks"
"ChildBks","CookBks","DoItYBks","ArtBks"
"ChildBks","CookBks","DoItYBks","RefBks"
"CookBks"
"DoItYBks","ArtBks"
"ArtBks","GeogBks"
"GeogBks"
"ChildBks","YouthBks","CookBks","DoItYBks","GeogBks"
"ChildBks","GeogBks"
"ChildBks","CookBks","DoItYBks","GeogBks","ItalArt"
"ChildBks","CookBks","RefBks","ArtBks","GeogBks"
"DoItYBks"
"ChildBks","YouthBks","CookBks","DoItYBks","GeogBks","Florence"
"CookBks"
"CookBks"
"ChildBks","CookBks","RefBks"
"ItalCook","Florence"
"ChildBks","YouthBks","CookBks","DoItYBks","ArtBks","ItalCook"
"ChildBks","ArtBks","Florence"
"GeogBks","Florence"
"ChildBks"
"ChildBks","CookBks","DoItYBks","RefBks","GeogBks"
"DoItYBks"
"CookBks","ArtBks","ItalCook"
"ChildBks","GeogBks"
"ArtBks"
"CookBks"
"ChildBks"
"ChildBks","CookBks","DoItYBks","RefBks","ItalArt"
"ChildBks","CookBks","ArtBks","GeogBks"
"ArtBks"
"YouthBks"
"YouthBks"
"ItalCook"
"YouthBks","CookBks","DoItYBks","ArtBks","GeogBks"
"CookBks","ArtBks"
"ArtBks","Florence"
"YouthBks","CookBks","RefBks","Florence"
"RefBks","Florence"
"ChildBks","CookBks","DoItYBks","RefBks"
"ArtBks"
"CookBks"
"ChildBks","CookBks"
"GeogBks"
"ChildBks","CookBks","DoItYBks","GeogBks"
"YouthBks"
"ChildBks","CookBks","RefBks","ItalCook"
"ChildBks","YouthBks","ItalCook"
"ChildBks","CookBks","GeogBks","Florence"
"ItalCook"
"ChildBks","YouthBks","CookBks","DoItYBks","RefBks"
"ArtBks"
"ChildBks","YouthBks","CookBks","GeogBks"
"ChildBks"
"ChildBks","YouthBks","CookBks"
"ChildBks","CookBks","DoItYBks","ArtBks"
"ChildBks","YouthBks","CookBks","GeogBks","Florence"
"ArtBks"
"ChildBks","ItalCook"
"ChildBks","CookBks","ArtBks"
"ChildBks","CookBks","RefBks","ArtBks","ItalArt","Florence"
"CookBks","RefBks","ArtBks"
"ChildBks","YouthBks","CookBks","DoItYBks","RefBks","ItalArt"
"YouthBks"
"ChildBks"
"YouthBks","CookBks"
"ArtBks"
"CookBks"
"CookBks","DoItYBks","GeogBks"
"ChildBks","GeogBks"
"ChildBks","CookBks","RefBks","GeogBks","ItalCook"
"ChildBks","CookBks","DoItYBks"
"ChildBks","CookBks","RefBks"
"ChildBks"
"ChildBks","CookBks","DoItYBks","RefBks","GeogBks"
"ChildBks","CookBks","DoItYBks","RefBks","GeogBks"
"ChildBks"
"ChildBks","CookBks","DoItYBks","ArtBks","ItalArt"
"YouthBks","DoItYBks","RefBks"
"CookBks","DoItYBks"
"ChildBks","GeogBks"
"ChildBks","CookBks","GeogBks","Florence"
"ChildBks","YouthBks","CookBks","RefBks","Florence"
"YouthBks","Florence"
"YouthBks"
"CookBks","DoItYBks"
"CookBks","GeogBks","Florence"
"CookBks","ArtBks","GeogBks","Florence"
"ArtBks","GeogBks"
"ChildBks","ArtBks"
"ChildBks","YouthBks"
"GeogBks"
"CookBks","Florence"
"ChildBks","CookBks"
"GeogBks"
"ChildBks","CookBks","DoItYBks","RefBks","GeogBks"
"CookBks"
"GeogBks"
"ChildBks","CookBks","ArtBks","GeogBks"
"ChildBks","ItalCook","Florence"
"ChildBks","CookBks","RefBks"
"ChildBks"
"CookBks"
"ChildBks","RefBks","GeogBks","ItalAtlas"
"ChildBks","CookBks","RefBks"
"ChildBks","YouthBks","CookBks","GeogBks"
"ChildBks","ItalCook"
"ChildBks","GeogBks","ItalCook","ItalAtlas"
"ChildBks","CookBks"
"ChildBks","YouthBks","CookBks","DoItYBks","GeogBks"
"ChildBks","YouthBks","CookBks","DoItYBks","RefBks","ItalArt"
"ChildBks","CookBks","DoItYBks"
"YouthBks"
"YouthBks","CookBks"
"CookBks","GeogBks"
"ChildBks","CookBks","ItalCook"
"ChildBks","CookBks","DoItYBks","ItalArt"
"ArtBks"
"GeogBks","Florence"
"ArtBks","ItalCook"
"ArtBks"
"ChildBks","CookBks","RefBks","ArtBks","GeogBks"
"ChildBks","YouthBks","CookBks","RefBks","ArtBks","GeogBks","ItalCook"
"ArtBks"
"RefBks","ArtBks"
"CookBks","GeogBks"
"CookBks","GeogBks"
"DoItYBks"
"ArtBks"
"ChildBks","GeogBks","ItalCook"
"ChildBks","YouthBks","CookBks","DoItYBks","RefBks","ItalAtlas"
"YouthBks","DoItYBks","GeogBks"
"ChildBks","YouthBks","CookBks","DoItYBks","RefBks"
"CookBks"
"ChildBks","YouthBks","DoItYBks","GeogBks"
"GeogBks"
"ChildBks","YouthBks","CookBks","GeogBks"
"CookBks","DoItYBks","GeogBks"
"ChildBks","GeogBks"
"ArtBks","GeogBks"
"ChildBks","YouthBks","CookBks","DoItYBks","RefBks","GeogBks"
"ChildBks","YouthBks","CookBks","DoItYBks"
"GeogBks"
